Name,Affiliation,Interests,Cited By,Profile URL
Ankhi Roy,"Associate Professor, Indian Institute of Technology Indore",Experimental High Energy Physics,91317.0,https://scholar.google.com/citations?hl=en&user=0CYqhQ4AAAAJ
Ram Bilas Pachori,"Fellow IEEE, INAE; Institute Chair Professor & Professor (HAG), IIT Indore","Signal and Image Processing, Biomedical Signal Processing, BCI, AI in Healthcare",22302.0,https://scholar.google.com/citations?hl=en&user=j3iJOWMAAAAJ
Shaikh M. Mobin,"Professor, Department of Chemistry, IIT Indore","Material Chemistry, Coordination Chemistry, Organometallics, Bio-Sensors",21964.0,https://scholar.google.com/citations?hl=en&user=_AL4b0QAAAAJ
Avinash Sonawane,Indian Institute of Technology Indore,"Infection Biology, Leukemia, Tuberculosis, Drug development, Diagnostics",21270.0,https://scholar.google.com/citations?hl=en&user=6RNh4zgAAAAJ
Sanjay Kumar Singh,Indian Institute of Technology (IIT) Indore,"Organometallics and Nanoparticle based …, Biomass Transformation, CO2 capture and utilization, Biof",13748.0,https://scholar.google.com/citations?hl=en&user=Mmcw90sAAAAJ
"M. Tanveer, IEEE CIS Distinguished Lecturer","Professor and Ramanujan Fellow, IIT Indore (Some codes are available at GitHub.)","Deep Neural Networks, Machine Learning, Support Vector Machines, Data Science, Neuroimaging",13407.0,https://scholar.google.com/citations?hl=en&user=sdu678oAAAAJ
Mohd. Farooq Azam,"Associate Professor. Indian Institute of Technology Indore, India","Glaciology, Hydrology",11138.0,https://scholar.google.com/citations?hl=en&user=EdupmHsAAAAJ
Professor Biswarup Pathak,"Institute Chair Professor, Department of Chemistry, IIT Indore",AI/ML | Nanoclusters | Batteries | Molecular …,10749.0,https://scholar.google.com/citations?hl=en&user=eMnUqcgAAAAJ
Parasharam Shirage,"Professor in MEMS, INDIAN INSTITUTE OF TECHNOLOGY INDORE","Sodium Ion Batteries and Supercapacitors, Superconductors, Solar cells and Piezoelectric Devices, Sensors( Bio- and Chemical)",10128.0,https://scholar.google.com/citations?hl=en&user=hf2x04QAAAAJ
"Manish Kumar Goyal, Chair Professor","Indian Institute of Technology Indore, Indore","Water Resources, Hydrology, Climate Change",9252.0,https://scholar.google.com/citations?hl=en&user=In-wqMEAAAAJ
Rupesh Devan,"Professor, Department of MEMS, Indian Institute of Technology","Nanostructures, Energy storage/conversion devices, Nano-hetero-architectures",9068.0,https://scholar.google.com/citations?hl=en&user=UF9U1IkAAAAJ
Vimal Bhatia,IIT Indore,"Wireless Communications, 6G, Signal Processing, Quantum Communications, Energy",7044.0,https://scholar.google.com/citations?hl=en&user=axRxFiwAAAAJ
Sandeep Chaudhary,IIT Indore,"Structural Engineering, Concrete Technology, Building Materials, Sustainable Construction Materials",6668.0,https://scholar.google.com/citations?hl=en&user=yE0bDOIAAAAJ
Murthy GS,"Professor in BSBE, Indian Institute of Technology-Indore and BEE, Oregon State University","Sustainable bioprocessing, bioprocess modeling and control, systems analyses for sustainability",6233.0,https://scholar.google.com/citations?hl=en&user=RDDboswAAAAJ
Dr.Palani IA,"Professor, Department of Mechanical Engineering,  Indian Institute of technology Indore","Smart materials and structures, micro-robotic systems, opto-mechatronics system design, Laser assisted manufacturing and surface",5994.0,https://scholar.google.com/citations?hl=en&user=nRF8hGEAAAAJ
Dr. Apurba K. Das,Indian Institute of Technology Indore,Supramolecular Organic Chemistry Group,5979.0,https://scholar.google.com/citations?hl=en&user=T4gN2YcAAAAJ
Pavan Kumar Kankar,"Professor, Department of Mechanical Engineering, IIT Indore","Fault Diagnosis, Condition Monitoring of Mechanical …, Health Monitoring of Hydraulic",5963.0,https://scholar.google.com/citations?hl=en&user=eN63O5AAAAAJ
Prof. Neelesh Kumar Jain,"Professor (HAG), Department of Mechanical Engineering, IIT Indore","Metal Additive Manufacturing, Sustainable Machining, Gear Engineering, Advanced Manufacturing",5924.0,https://scholar.google.com/citations?hl=en&user=NHW6zSQAAAAJ
Neelima Satyam,"Institute Chair Professor and Former Head, Department of Civil Engineering, IIT Indore","Landslide Hazard, Seismic Microzonation, Soil Structure Interaction, Bio-Geotechnics",5923.0,https://scholar.google.com/citations?hl=en&user=u6lns9UAAAAJ
Saptarshi Ghosh,"Associate Professor, Indian Institute of Technology Indore","Metamaterials, Microwave absorbers, Frequency Selective Surface",5812.0,https://scholar.google.com/citations?hl=en&user=3eF8NzwAAAAJ
Priyansh Singh,Indian Institute of Technology Indore,Pavement Materials,5381.0,https://scholar.google.com/citations?hl=en&user=kYN0oBMAAAAJ
Dr. Shailesh Ishwarlal Kundalwal,"Professor of Solid Mechanics, Indian Institute of Technology Indore","Micromechanics, Nanomechanics, Flexoelectricity, Composites, H2 Storage",5370.0,https://scholar.google.com/citations?hl=en&user=uBuNZcEAAAAJ
Kiran Bala,"Professor, IIT Indore","Environmental Science and Egg., Algal Biotechnology, Bioenergy, Bioremediation",5041.0,https://scholar.google.com/citations?hl=en&user=bgTbsyEAAAAJ
Ranveer Singh,Indian Institute of Technology Indore,Graphs and Matrices,4923.0,https://scholar.google.com/citations?hl=en&user=6vNK13kAAAAJ
Satyanarayan patel,Indian Institute of Technology Indore,"Lead free piezoceramics, Energy conversion and storage, Electrocaloric elastocaloric, Energy",4702.0,https://scholar.google.com/citations?hl=en&user=ZyXuyHMAAAAJ
Dr. Aruna Tiwari,"Professor of Computer Science and Engineering, IIT Indore","Artificial Intelligence, Big Data Analytics, Soft Computing, and Data Mining",4559.0,https://scholar.google.com/citations?hl=en&user=92WslkgAAAAJ
Dr. Amit Kumar,"Professor, Biosciences and Biomedical Engineering, IIT Indore","Drug Target and Discovery, Molecular Structural Biology",4537.0,https://scholar.google.com/citations?hl=en&user=owahqHQAAAAJ
"Prof. Anirban Sengupta, D-EiC @ IEEE ESL, IEEE-CS DC & DV, IEEE-CASS & CTSoc DL, ACM Eminent Speaker","Professor of CSE, Indian Institute of Technology Indore","IP Protection, High Level Synthesis, Hardware Security and Trust, Embedded Hardware",4533.0,https://scholar.google.com/citations?hl=en&user=4aHf5O8AAAAJ
Anand Parey,IIT Indore,"Condition monitoring, Gear fault diagnosis, Noise and Vibration, Signal Processing",4505.0,https://scholar.google.com/citations?hl=en&user=uU3kC4oAAAAJ
Ashisha Kumar,"Assistant Professor, Discipline of Mathematics, Indian Institute of Technology Indore, India",Harmonic Analysis,4453.0,https://scholar.google.com/citations?hl=en&user=bFKhS0YAAAAJ
Prof. PR Sagdeo,INDIAN INSTITUTE OF TECHNOLOGY INDORE,HIGHLY CORRELETED ELECTRON …,4429.0,https://scholar.google.com/citations?hl=en&user=iQNyzkkAAAAJ
Professor Hem Chandra Jha,"Mehta Family School of Biosciences and Biomedical Engineering, IIT Indore, India","Gut-Brain axis, AMR, Diagnostics, Host-Pathogens interactions",4419.0,https://scholar.google.com/citations?hl=en&user=o6ZqrQcAAAAJ
Sarika Jalan,"Complex Systems Lab, IIT Indore","Complex Systems, Bifurcation, Synchronization, Machine learning",3963.0,https://scholar.google.com/citations?hl=en&user=vlEHYwYAAAAJ
Onkar Game,"Assistant Professor, Department of Physics, Indian Institute of Technology Indore","Photovoltaics, Optoelectronics, Halide perovskites, Energy Generation, Novel Semiconductors",3960.0,https://scholar.google.com/citations?hl=en&user=827_7BAAAAAJ
Tridib Kumar Sarma,Indian Institute of Technology Indore,,3789.0,https://scholar.google.com/citations?hl=en&user=uR4QBIcAAAAJ
Somaditya Sen,INDIAN INSTITUTE OF TECHNOLOGY INDORE,"MATERIAL PHYSICS, ELECTRONICS, MAGNETISM",3786.0,https://scholar.google.com/citations?hl=en&user=r8scNioAAAAJ
Mirza Saqib Baig,"Professor, Indian Institute of Technology Indore (IITI)","Inflammation, Cancer, Drug Discovery",3740.0,https://scholar.google.com/citations?hl=en&user=bV3oePcAAAAJ
Sampak Samanta,"Professor of Chemistry, IIT Indore",Synthetic Organic Chemistry and Medicinal …,3627.0,https://scholar.google.com/citations?hl=en&user=KrdeHmMAAAAJ
Prof. Santosh Kumar Vishvakarma,Indian Institute of Technology Indore,"Memory Circuits, Compute-in-Memory, Domain Specific AI Hardware Accelerators, AI Infrastracture",3579.0,https://scholar.google.com/citations?hl=en&user=rRapODEAAAAJ
Satya S Bulusu,Indian Institute of Technology Indore,"Machine Learning, Orbital Free Density Functional Theory, Kohn Sham, Schrodinger Equation",3499.0,https://scholar.google.com/citations?hl=en&user=12hatP0AAAAJ
Shaibal Mukherjee,"Fellow JSPS, Humboldt Foundation, InstP, RSC; Professor-IIT Indore",Nanotechnology,3462.0,https://scholar.google.com/citations?hl=en&user=7dc2VIsAAAAJ
Santosh K. Sahu,"Professor, Department of Mechanical Engineering, Indian Institute of Technology Indore","Thermal hydraulics, Jet impingement, heat transfer, Thermal management, Phase change materials",3353.0,https://scholar.google.com/citations?hl=en&user=HIOfoGYAAAAJ
Mukesh Kumar,"Electrical Engineering, Indian Institute of Technology (IIT) Indore","Optoelectronic Devices, Nanophotonics, Silicon Photonics, Microfabrication",3296.0,https://scholar.google.com/citations?hl=en&user=AdhSVmkAAAAJ
Suman Mukhopadhyay,"Professor of Chemistry, Indian Institute of Technology Indore",Inorganic Chemistry,3265.0,https://scholar.google.com/citations?hl=en&user=th7cZbIAAAAJ
Dr. Anjan Chakraborty,"Professor, IIT Indore","Liposomes, Lipid bilayers, Nanoparticles, Photophysics",3097.0,https://scholar.google.com/citations?hl=en&user=-vP2_HAAAAAJ
Dr Srimanta Pakhira,"Associate Professor, Indian Institute of Technology Indore","2D Materials, Theoretical Condensed Matter Physics, and Computational Materials Science",3092.0,https://scholar.google.com/citations?hl=en&user=QVDd22wAAAAJ
Prabhat Kumar Upadhyay,"Professor, Electrical Engineering, IIT Indore","Wireless and Mobile Communications, Cooperative and Cognitive Radio Techniques, MIMO Channels, IoT Networks, Molecular Communica",3082.0,https://scholar.google.com/citations?hl=en&user=6Pm4c5kAAAAJ
Prof. Vinod kumar,"Associate Prof. and Former Head, Metallurgical Engineering and Materials Science; IIT …","High Entropy Alloys, Physical Metallurgy, Powder Metallurgy, Material Science and Engineering",2971.0,https://scholar.google.com/citations?hl=en&user=n782qToAAAAJ
Dr. Ritunesh Kumar,"Professor, IIT Indore & Gdansk University of Technology","Desiccant cooling, heat transfer in microchannels, biofuels",2929.0,https://scholar.google.com/citations?hl=en&user=UXLP-nIAAAAJ
Suman Majumdar,"Associate Professor, Indian Institute of Technology Indore, India","Cosmic Dawn, Large Scale Structures, Reionization, Cosmology, Statistical Inference",2884.0,https://scholar.google.com/citations?hl=en&user=-ceigSYAAAAJ
Pritee Sharma,"Professor, Mehta Family School of Sustainability, Indian Institute of Technology Indore","Agricultural Economics, Environmental Economics",2833.0,https://scholar.google.com/citations?hl=en&user=gLINaYEAAAAJ
Dhinakaran Shanmugam,"Professor,  IIT Indore (Mechanical Engineering)","CFD & Heat Transfer, Porous Media, Biomedical Engineering, Energy",2822.0,https://scholar.google.com/citations?hl=en&user=cWUUSOUAAAAJ
Dr. Vipul Singh,"Professor, Department of Electrical Engineering, Indian Institute of Technology Indore","Organic Electronics, Si Nanodevices, MOSFETs and OFETs and Photovoltaics, Sensors based on ZnO, SPR effect",2631.0,https://scholar.google.com/citations?hl=en&user=xq7yX4UAAAAJ
Korimilli Eswar Prasad,Indian Institute of Technology,"Mechanical behavior of materials, Nano and Micro indentation, Insitu micro-mechanical testing, High strain rate deformation",2372.0,https://scholar.google.com/citations?hl=en&user=LiDYSBQAAAAJ
Debayan Sarkar,"Associate Professor, Indian Institute of Technology Indore, India","Organic Synthesis, Dearomatisation, Catalysis",2334.0,https://scholar.google.com/citations?hl=en&user=tobGYYsAAAAJ
Bodhisatwa Mazumdar,"Associate Professor, Department of Computer Science and Engineering, Indian Institute of …","Hardware security, Side-channel attacks.",2237.0,https://scholar.google.com/citations?hl=en&user=ea-e9TwAAAAJ
Hitendra Kumar,"Biofabrication Laboratory, Indian Institute of Technology Indore","Biomaterials, Bioprinting, Tissue Engineering, Computer Vision, Mechatronics",2038.0,https://scholar.google.com/citations?hl=en&user=p0uf5hcAAAAJ
Neminath Hubballi ನೇಮಿನಾಥ ಹುಬ್ಬಳ್ಳಿ,"Professor, Indian Institute of Technology Indore","Network Security, Computer Networks",2006.0,https://scholar.google.com/citations?hl=en&user=tER-kV0AAAAJ
Keshav Aggarwal,Indian Institute of Technology Indore,"Exoplanets, Solar physics, Solar system",2002.0,https://scholar.google.com/citations?hl=en&user=KO8MtmEAAAAJ
Sumanta Samal,"Department of Metallurgical Engineering and Materials Science, Indian Institute of …",,1946.0,https://scholar.google.com/citations?hl=en&user=_ovvQcQAAAAJ
Sandesh S. Chougule,Indian Institute of Technology Indore,"Nanomaterials, Solar Energy, Heat Pipes, Jet Impingement, Electronics Cooling",1920.0,https://scholar.google.com/citations?hl=en&user=sygGWRsAAAAJ
Pushpa Choudhary,"Assistant Professor, IIT Indore","Road Safety, Intelligent Transportation System, Road user behaviour, Human factors in Transportation",1908.0,https://scholar.google.com/citations?hl=en&user=unUZoZAAAAAJ
Dr. Bhargav Vaidya,"Associate Professor, IIT Indore",,1882.0,https://scholar.google.com/citations?hl=en&user=oc97opEAAAAJ
Prakash Gaikwad,"Assistant Professor, Indian Institute of Technology, Indore, India","Cosmology, Astrophysics, Intergalactic Medium, Galaxy Formation and Evolution",1867.0,https://scholar.google.com/citations?hl=en&user=00RA_t8AAAAJ
Swaminathan Ramabadran,Indian Institute of Technology Indore,"Wireless Communications, Communication Systems",1846.0,https://scholar.google.com/citations?hl=en&user=clwEnRYAAAAJ
Selvakumar Sermadurai,"Associate Professor, IIT Indore","Asymmetric synthesis, Photoredox, Hypervalent iodine, Radical chemistry, Dual Catalysis",1827.0,https://scholar.google.com/citations?hl=en&user=0tcJGwEAAAAJ
Dr. Surya Prakash,"Professor, Indian Institute of Technology Indore","Ear Recognition, Biometrics, Pattern Recognition, Computer Vision, Image Processing",1815.0,https://scholar.google.com/citations?hl=en&user=pqP66FLxeBMC
Abhijeet Joshi,IIT Indore,"Biosensor, Nanomedicine, Biomaterials",1778.0,https://scholar.google.com/citations?hl=en&user=xphbhZkAAAAJ
Dr. Trapti Jain,"Electrical Engineering, IIT Indore",Power system security analysis,1717.0,https://scholar.google.com/citations?hl=en&user=gPlaMBMAAAAJ
Dr. Prabhat Gautam,IIT Indore,donor acceptor systems,1710.0,https://scholar.google.com/citations?hl=en&user=kJS_UpMAAAAJ
PRADEEP KUNDU,"Assistant Professor, IIT Indore","Industrial AI, Digital Twin, Smart Manufacturing, Condition Monitoring, Quality Control",1691.0,https://scholar.google.com/citations?hl=en&user=mx4YjS8AAAAJ
Ankur Miglani,"Associate Professor, Indian Institute of Technology, Indore, Purdue University, KAIST","Droplet combustion, Thermal management of electronics, Hydraulics",1564.0,https://scholar.google.com/citations?hl=en&user=6ABZdEoAAAAJ
Dr. Umesh A. Kshirsagar,"Associate Professor, Indian Institute of Technology Indore, Indore.",Synthetic Organic Chemistry,1553.0,https://scholar.google.com/citations?hl=en&user=8vewZAUAAAAJ
Devendra Deshmukh,Indian Institute of Technology Indore (IIT-Indore),"Renewable Fuels, Sprays, IC Engine",1547.0,https://scholar.google.com/citations?hl=en&user=KJsV7yQAAAAJ
Naresh Kumar Kumawat,"Department of Physics, IIT Indore, India","Perovskite, Light-emitting diodes, Nanocrystals, Photovoltaics, Device physics",1537.0,https://scholar.google.com/citations?hl=en&user=69VqlgIAAAAJ
Hari Hablani,"courtesy faculty, Department of Astronomy, Astrophysics and Space Engineering, IIT Indore","Space Flight Vehicles Guidance, Navigation and Control",1534.0,https://scholar.google.com/citations?hl=en&user=wiB8pR4AAAAJ
Dipak Kumar Roy,Indian Institute of Technology Indore,,1496.0,https://scholar.google.com/citations?hl=en&user=kNdvoWEAAAAJ
Preeti A. Bhobe,"Department of Physics, Indian Institute of Technology Indore","XAFS, Magnetism, Magneto-transport, 2D materials",1450.0,https://scholar.google.com/citations?hl=en&user=ilJTPOsAAAAJ
Dr. Dhirendra K. Rai,"Associate Professor, Department of Metallurgical Engineering and Materials Science, IIT …","Batteries & Supercapacitors, Electrocatalysis, Hydrovoltaics, Ionotronics, CO₂ Utilization",1401.0,https://scholar.google.com/citations?hl=en&user=pFwwR8UAAAAJ
Ruchi Sharma,IIT Indore,"R&D, Patenting, Patent Policy, FDI",1384.0,https://scholar.google.com/citations?hl=en&user=8sNvovEAAAAJ
Somnath Dey,"Professor, IIT Indore","Biometrics, HCI",1378.0,https://scholar.google.com/citations?hl=en&user=rjzlx8wAAAAJ
Puneet Gupta,"Associate Professor, IIT Indore","Image processing, Computer vision, Affective computing, Deep Learning",1373.0,https://scholar.google.com/citations?hl=en&user=yUB8lNsAAAAJ
Santosh S. Hosmani,"Professor at Department of Metallurgical Engineering and Materials Science, IIT Indore","Surface Engineering, Tribology, Gradient Nanostructured Alloys, SMAT, Metallurgy",1368.0,https://scholar.google.com/citations?hl=en&user=FgkqmiYAAAAJ
amit shukla,IIT Indore,,1351.0,https://scholar.google.com/citations?hl=en&user=A-bgSX5TSyMC
Jayaprakash Murugesan,"Associate Professor, MEMS, IIT Indore","Mechanical behaviour of materials, welding, Materials Science and Engineering",1324.0,https://scholar.google.com/citations?hl=en&user=QpLQQqsAAAAJ
Mayur Shirish Jain,"Associate Professor, Indian Institute Of Technology Indore","Anaerobic Digestion, Biochar, Composting, Nature-based Solutions (NbS)",1324.0,https://scholar.google.com/citations?hl=en&user=cOzU0joAAAAJ
Abhijit Ghosh,"Assistant Professor, IIT Indore","Crystallographic texture, Fracture, Creep, Steel",1262.0,https://scholar.google.com/citations?hl=en&user=P9nZOBsAAAAJ
Amod C Umarikar,"Professor, Electrical Engineering, IIT Indore",Power Electronics,1239.0,https://scholar.google.com/citations?hl=en&user=ITTM4-wAAAAJ
Saurabh Das,"Astronomy, Astrophysics and Space Engineering, IIT Indore","Rain Attenuation, Precipitation microphysics, GNSS Remote Sensing, Space Weather, Ionosphere",1230.0,https://scholar.google.com/citations?hl=en&user=XgMJtTcAAAAJ
Archana R Kanwade,"Department of Metallurgical Engineering and Materials Science, IIT Indore","Sodium-ion Battery, Supercapacitor, Energy Storage Devices",1214.0,https://scholar.google.com/citations?hl=en&user=OEdsMngAAAAJ
Dipankar Das,"Indian Institute of Technology, Indore","High Energy Physics, Theoretical Particle Physics",1193.0,https://scholar.google.com/citations?hl=en&user=ZD9qBFIAAAAJ
Dr. Mrigendra Dubey,Indian Institute of Technology Indore,"Soft Materials, Metallogels, Stimuli-responsive, Superabsorbent Superhydrophobi Materials, Corrosion",1179.0,https://scholar.google.com/citations?hl=en&user=9P83G5AAAAAJ
Subhendu Rakshit,"Professor of Physics, IIT Indore",Particle Physics,1174.0,https://scholar.google.com/citations?hl=en&user=8a-AuBYAAAAJ
Sudeshna Chattopadhyay (Bandyopadhyay),Indian Institute of Technology Indore,"Condensed matter physics, Materials science",1149.0,https://scholar.google.com/citations?hl=en&user=0yKMRxgAAAAJ
Bhupesh Kumar Lad,IIT Indore,"Reliability Engineering, Smart Manufacturing",1120.0,https://scholar.google.com/citations?hl=en&user=rWYpsIwAAAAJ
Bapan Ghosh,"Associate Professor, Department of Mathematics, Indian Institute of Technology Indore …","Dynamical Systems, Mathematical Ecology and Epidemiology, Delay and Fractional Differential Equations",1089.0,https://scholar.google.com/citations?hl=en&user=VdQttGQAAAAJ
Nagendra  Kumar,"Associate Professor, Computer Science and Engineering, IIT Indore","Deep Learning, Machine Learning, NLP, Computer Vision, Social Network Analysis",1064.0,https://scholar.google.com/citations?hl=en&user=lCP4ZqMAAAAJ
Ravinder Bhattoo,"Assistant Professor, Indian Institute of Technology Indore","Structural analysis and design, Machine learning, Peridynamics, Molecular dynamics, Material science",1060.0,https://scholar.google.com/citations?hl=en&user=lPTdGRMAAAAJ
Dr. Abhishek Rajput,"Asst. Professor & Head, Department of Civil Engineering, Indian Institute of Technology (IIT) …","Structural and Impact Mechanics, Finite Element Analysis, Prestressed and Reinforced Concrete Design",1036.0,https://scholar.google.com/citations?hl=en&user=IYPsJRQAAAAJ
Harekrishna  Yadav,"Associate Professor, Indian Institute of Technology Indore","Fluid Flow, Heat Transfer",1006.0,https://scholar.google.com/citations?hl=en&user=RcoU89oAAAAJ
Ayan Mondal,"Assistant Professor, CSE, IIT Indore","Internet of Things (IoT), Edge-Cloud Continuum, SDN, 6G Networks, Quantum Networks",1005.0,https://scholar.google.com/citations?hl=en&user=2DCxcnkAAAAJ
Krushna R Mavani,"Professor, Department of Physics, IIT Indore, India",Experimental Condensed Matter Physics,994.0,https://scholar.google.com/citations?hl=en&user=zruAZycAAAAJ
B Prathap Reddy,"Assistant Professor, IIT Indore","Multiphase machines, Power Electronics and Drives, Electric Vehicles, Machine Design, Chargers",965.0,https://scholar.google.com/citations?hl=en&user=UXq2Xi0AAAAJ
Debajyoti Sarkar,"Indian Institute of Technology, Indore","String theory, General relativity, Quantum field theory, Cosmology, Black holes",960.0,https://scholar.google.com/citations?hl=en&user=kYBb0GEAAAAJ
Aman khurana,"Assistant Professor, Department of Mechanical Engineering, IIT Indore","Soft robotics, Soft active materials, Nonlinear dynamics, Neural Networks",903.0,https://scholar.google.com/citations?hl=en&user=gR0fh7sAAAAJ
Sumit Gautam,Assistant Professor at Indian Institute of Technology Indore,"Simultaneous Wireless Information and …, Cooperative Relaying Systems, Multi-group Multicasting, Precoding",902.0,https://scholar.google.com/citations?hl=en&user=KuWT2NoAAAAJ
Mohd. Arshad,"Associate Professor, Department of Mathematics, Indian Institute of Technology Indore","Copula, Estimation Theory, Machine Learning, Data Science, Ranking and Selection",884.0,https://scholar.google.com/citations?hl=en&user=jHEBzUkAAAAJ
S Janakiraman,Assistant Professor at Indian Institute of Technology Indore,"Lithium, Sodium & Magnesium Ion Batteries, Composites, Thin Film Solid Sate Batteries",873.0,https://scholar.google.com/citations?hl=en&user=kL1lz88AAAAJ
Swadesh Kumar Sahoo,"Associate Professor, Discipline of Mathematics, Indian Institute of Technology Indore",Complex Variables and Hyperbolic Geometry,868.0,https://scholar.google.com/citations?hl=en&user=XQdx7i4AAAAJ
Pankaj Dey,Indian Institute of Technology Indore,"Stochastic Hydrology, Hydrological Processes, Hydroclimatology, Geohydrology",865.0,https://scholar.google.com/citations?hl=en&user=BSx-u3YAAAAJ
Dr. Abhishek Srivastava,"Department of MEMS, Indian Institute of Technology Indore","DSSCs and Perovskite Solar Cells, PE-catalysis, PV/T Spectral Splitters, Nanofluids",860.0,https://scholar.google.com/citations?hl=en&user=1MHEIQ0AAAAJ
Dr. Kazi Sabiruddin,"Professor, IIT Indore, India","Manufacturing, Surface Engineering, Coatings",854.0,https://scholar.google.com/citations?hl=en&user=ukVKN0wAAAAJ
Additi Roychowdhury,IIT Indore,,820.0,https://scholar.google.com/citations?hl=en&user=v-PU52UAAAAJ
Dr. Indrasen singh,"Indian Institute of Technology Indore, National University of Singapore, Indian Institute of …","Computational solid mechanics, Fracture Mechanics, Crystal Plasticity, Piezoelectric Materials, Metallic glasses",810.0,https://scholar.google.com/citations?hl=en&user=45XBn3wAAAAJ
Amrendra K. Singh,Indian Institute of Technology Indore,"Inorganic and Organometallic Chemistry, Catalysis, Computational Chemistry",808.0,https://scholar.google.com/citations?hl=en&user=__DfNJAAAAAJ
Prashant Kodgire,"Professor of Biosciences and Biomedical Engineering, IIT Indore","Molecular Biology, Molecular Immunology",798.0,https://scholar.google.com/citations?hl=en&user=P505PxoAAAAJ
Naveen Agrawal,"Assistant Professor, Chemical Engineering, IIT Indore","Computational Chemistry, Electrocatalysis, Bio-fuel",791.0,https://scholar.google.com/citations?hl=en&user=9gXxsQkAAAAJ
Naveen Agrawal,"Assistant Professor of Chemical Engineering, IIT Indore","Electrocatalysis, Computational Material Science",791.0,https://scholar.google.com/citations?hl=en&user=KnncQTQAAAAJ
Dr. Archana Chaudhary,Indian Institute of Technology Indore,"Nano materials, Catalysis, Single Source Molecular Precursors",775.0,https://scholar.google.com/citations?hl=en&user=xcgIhMkAAAAJ
Dr. Kamal Prakash,"Senior Project Associate, R&D IIT Indore","Porphyrin chemistry, Porous organic materials, Covalent organic frameworks, Material Chemistry",773.0,https://scholar.google.com/citations?hl=en&user=licrEI0AAAAJ
Vinod Kumar Singh,Indian Institute of Technology Indore,"CO2 capture and sequestration, Adsorption, CO2 based adsorption cooling system, Solid Adsorbents",771.0,https://scholar.google.com/citations?hl=en&user=nQM9leUAAAAJ
Dudekula Althaf Basha,"Indian Institute of Technology, Indore","Phase transformation behavior of materials, (S)TEM-imaging, in-situ TEM studies",765.0,https://scholar.google.com/citations?hl=en&user=KQosI6YAAAAJ
Ananthan S Dharan,"Indian Institute of Technology, Indore",AI/ML,750.0,https://scholar.google.com/citations?hl=en&user=gKk4cqUAAAAJ
Akshay Gaur,IIT Indore,"Material Science, Ceramics, Glass-ceramics, Polymer",743.0,https://scholar.google.com/citations?hl=en&user=ys0Fk8UAAAAJ
Priyank J. Sharma,"Assistant Professor, Department of Civil Engineering, Indian Institute of Technology Indore","Hydroclimatology, Compound Extremes, Streamflow Forecasting, Non-stationarity",733.0,https://scholar.google.com/citations?hl=en&user=ayxugJcAAAAJ
Girish Verma,IIT Indore,Additive Manufacturing and Machining,718.0,https://scholar.google.com/citations?hl=en&user=CamFS4wAAAAJ
Kapil Ahuja,"Professor of Computer Science & Engineering, IIT Indore","Mathematical Data Science, Mathematical Simulation",716.0,https://scholar.google.com/citations?hl=en&user=l2ySGVcAAAAJ
Mukul Bhattacharya,"Assistant Professor (Grade-I) at DAASE, IIT Indore","High-energy phenomena, Radio transients, Binary mergers+GW emission, UHECR sources & properties",708.0,https://scholar.google.com/citations?hl=en&user=HBjGLL0AAAAJ
Sanjay Kumar Verma,Indian Institute of Technology Indore,"Organometallics, Mesoionic Carbene, Dithiocarbamates, Co-ordination Chemistry",649.0,https://scholar.google.com/citations?hl=en&user=TkP8O9oAAAAJ
Dr. Puspraj Singh Chauhan,"Indian Institute of Technology, Indore","wireless communication, digital communication, cognitive radio, channel modelling",645.0,https://scholar.google.com/citations?hl=en&user=pIQxxRMAAAAJ
amol shukla,"Indian Institute of Technology, Indore","Wastewater treatment, resource recovery from waste, Fecal sludge and septage management, wastewater treatment using constructed …",637.0,https://scholar.google.com/citations?hl=en&user=aOxk1aQAAAAJ
Kalandi Charan Pradhan,"Assistant Professor, IIT Indore","Development Economics, Labour Economics, Migration Studies, Sustainable Development, Socio-Economic",629.0,https://scholar.google.com/citations?hl=en&user=MqWDz0AAAAAJ
Dr. Manish Kumar Tiwari,"Translational Research Fellow,Department of MEMS, Indian Institute of Technology (IIT) …","Gas sensors, Solar Cell, Sodium-ion Batteries, Materials Science, Nanomaterials",623.0,https://scholar.google.com/citations?hl=en&user=8g1UO7gAAAAJ
Mritunjay Verma,Indian Institute of Technology Indore,"String Theory, Gravity, Quantum Field Theory",613.0,https://scholar.google.com/citations?hl=en&user=nwF6OnYAAAAJ
Subhra Mazumdar,Assistant Professor at IIT Indore,"Blockchain, Privacy and Security",610.0,https://scholar.google.com/citations?hl=en&user=uoWVp-QAAAAJ
Manoneeta Chakraborty,IIT Indore,"Neutron star, Pulsar, Black hole, Multi-wavelength astronomy, High-energy astrophysics",596.0,https://scholar.google.com/citations?hl=en&user=ThX5NyEAAAAJ
Dr. Faizal Khan,HKUST & IIT Indore,Organic Materials Chemistry,591.0,https://scholar.google.com/citations?hl=en&user=8SXWQSEAAAAJ
Ranjeet Kumar,Indian Institute of Technology Indore,"Process Systems Engineering, Optimization, Advanced Control, AI/ML for ChemE, and Energy Systems",583.0,https://scholar.google.com/citations?hl=en&user=Nd-2JvEAAAAJ
Bhuvaneshwari Sakthivel,"MEMS lab, IIT Indore","Triboelectric nanogenerator, Sensors, Metal oxides, thin films",556.0,https://scholar.google.com/citations?hl=en&user=TCkySSkAAAAJ
Abhishek Aggarwal,"Assistant Professor, IIT Indore","Molecular Dynamics, Machine Learning, Energy Storage, Materials Modeling, DFT",546.0,https://scholar.google.com/citations?hl=en&user=z-Z2kLEAAAAJ
Shubhi Bansal,IIT Indore,"Natural Language Processing, Deep Learning, Social Media, Data Mining, Informational Retrieval",544.0,https://scholar.google.com/citations?hl=en&user=VwA--M4AAAAJ
Dr. Shiv Pal,"Indian Institute of Technology, Indore",,528.0,https://scholar.google.com/citations?hl=en&user=p6T5FyAAAAAJ
Dr. Poonam Tiwari,"Visvesvaraya Post Doctoral Fellow, Department of Electrical Engineering, IIT Indore","OAM, Transmitarray, Metasurface, MIMO, Dielectric Resonator Antennas",516.0,https://scholar.google.com/citations?hl=en&user=dzrBY9sAAAAJ
KV Vamsi,"Metallurgical Engineering and Materials Science, Indian Institute of Technology Indore","Superalloys, High entropy alloys, First principles calculations, Alloy design, Materials Modelling",514.0,https://scholar.google.com/citations?hl=en&user=ducGUjAAAAAJ
Bivas Dutta,"Indian Institute of Technology, Indore","Condensed matter Physics, Nano Science, Quantum Physics, Heat transport at nanoscale",513.0,https://scholar.google.com/citations?hl=en&user=CmjDQPkAAAAJ
Rudra Pratap Singh,"Post-Doc (N-PDF), IIT Indore","Sustainable Construction Materials, Geopolymer Concrete, Recycled Aggregate, Life Cycle Analysis",509.0,https://scholar.google.com/citations?hl=en&user=ZJYx2gkAAAAJ
Sameena R. Mulani,Indian Institute of Technology Indore,"Desalination, dye removal, water splitting, Wastewater Treatment, Interfacial Solar Steam Generation",498.0,https://scholar.google.com/citations?hl=en&user=IBkv2CwAAAAJ
abhinav raghuvanshi,"Department of Chemistry, IIT Indore","Inorganic chemistry, Organometallics, Coordination Chemistry",486.0,https://scholar.google.com/citations?hl=en&user=MFC5-40AAAAJ
MOHAMMAD ZIA UR REHMAN,IIT Indore,"Natural Language Processing, Deep Learning, Social Media Analytics",482.0,https://scholar.google.com/citations?hl=en&user=iglpBq0AAAAJ
Unmesh Khati,Indian Institute of Technology Indore,"SAR remote sensing, PolSAR, PolInSAR, Tomographic SAR",481.0,https://scholar.google.com/citations?hl=en&user=AJbwAIQAAAAJ
EG Rini,IIT Indore,"Lattice dynamics, DFT, Material Science, Multiferroic",475.0,https://scholar.google.com/citations?hl=en&user=Xg94k6oAAAAJ
Subhadeep Paladhi,"Assistant Professor, IIT Indore","Power System Protection, Power System Monitoring",460.0,https://scholar.google.com/citations?hl=en&user=Em5RQOIAAAAJ
Soumi Chattopadhyay,Indian Institute of Technology Indore,"Services Computing, Machine Learning, Deep Learning, Artificial Intelligence, NLP",438.0,https://scholar.google.com/citations?hl=en&user=BgU17cEAAAAJ
Nidhi Pathak,"Chanakya Post-doctoral Fellow, IIT Indore","Wireless Sensor Networks, Internet of Things, Healthcare Interoperability, eHealth",437.0,https://scholar.google.com/citations?hl=en&user=QDxa_pYAAAAJ
Dr Ram Sajeevan Maurya,"Indian Institute of Technology Indore, Khandwa Road, Simrol , Indore MP, India, 453 552","Powder Metallurgy, High Entropy Alloys, ODS Alloys",432.0,https://scholar.google.com/citations?hl=en&user=6f8zrTcAAAAJ
Dr. Antony Vijesh,IIT Indore,Numerical Analysis,431.0,https://scholar.google.com/citations?hl=en&user=w3fgleAAAAAJ
Lokesh Basavarajappa,Indian Institute of Technology Indore,"Ultrasound Imaging, Beamforming, Elastography, Medical Image Processing",429.0,https://scholar.google.com/citations?hl=en&user=Gxg17Q4AAAAJ
Akshaya Kumar,"Associate Professor, Indian Institute of Technology (IIT) Indore","Film Studies, Media Studies, Television Studies, Cultural Studies",426.0,https://scholar.google.com/citations?hl=en&user=7rZmN1YAAAAJ
Hemant Borkar,Associate Professor at IIT Indore,,426.0,https://scholar.google.com/citations?hl=en&user=siZP-XoAAAAJ
Dr. Baadiga  Ramu,"Assistant Professor, Indian Institute of Technology Indore","Geosynthetic Engineering, Pavement Geotechnics, Ground Improvement, Geotechnical Engineering",419.0,https://scholar.google.com/citations?hl=en&user=v7bYfXYAAAAJ
Dheeraj Rane,"Senior Engineer, IITI DRISHTI CPS Foundation, IIT Indore","Cloud computing economics, Cloud resource broker, Service level agreement, Pricing models in cloud",415.0,https://scholar.google.com/citations?hl=en&user=sl-xlsUAAAAJ
Rajan Singh,"Chemical Engineering Department, Indian Institute of Technology Indore","Hetrogeneous catalysis, CO2 Utilization, Kinetics, H2 Production, Thermo-chemical water splitting",409.0,https://scholar.google.com/citations?hl=en&user=JFf0XsYAAAAJ
Dr. Atreyee Ghosh,Sr. Scientific Officer at Technology Translation Research Park of IIT Indore,"Digital Twin, Cyber Physical Systems, Carbon-dioxide Sequestration, Biofuels, Wastewater Remediation",407.0,https://scholar.google.com/citations?hl=en&user=N5Zs4zkAAAAJ
Dr. Deeksha Tiwari,Indian Institute of Technology Indore,"Neuroinflammation, Virology",405.0,https://scholar.google.com/citations?hl=en&user=BLxAHDcAAAAJ
Mahesh Verma,Poornima College of Engineering | IIT Kanpur | IIT Indore,"Nanomaterials, Optical properties, Charge Storage, Photocatalysis, SERS",402.0,https://scholar.google.com/citations?hl=en&user=IMUEeUYAAAAJ
Dr.Mohanasundari Thangavel,"Associate Professor (Economics), IIT Indore","Climate Change, Agricultural Economics, Environment and Resource Economics",402.0,https://scholar.google.com/citations?hl=en&user=vBoX-1IAAAAJ
Gourab Sil,"Associate Professor, IIT Indore","Highway Geometric Design, Highway Safety, Driving Behavior, Traffic Engineering",400.0,https://scholar.google.com/citations?hl=en&user=U3iQmv0AAAAJ
Dr. Jitesh Agrawal,Research Associate in Electrical Engineering at Indian Institute of Technology Indore,"Photo detectors, Gas sensors",394.0,https://scholar.google.com/citations?hl=en&user=CTBlGNMAAAAJ
Samriddhi Saxena,IIT Indore,"Electrochemical Energy Storage, Secondary Batteries, Layered Oxide Cathodes",393.0,https://scholar.google.com/citations?hl=en&user=qlVpv0gAAAAJ
Chandresh Kumar Maurya,Associate Professor at IIT Indore,"Machine Learning, Natural Language Processing, Data Mining, Deep Learning",391.0,https://scholar.google.com/citations?hl=en&user=OR0yLJEAAAAJ
Md. Aquil Khan,Indian Institute of Technology Indore,"Modal Logic, Rough Set Theory",383.0,https://scholar.google.com/citations?hl=en&user=B-byVq4AAAAJ
Soumavo Ghosh,"Indian Institute of Technology (IIT), Indore",Astronomy & Astrophysics,382.0,https://scholar.google.com/citations?hl=en&user=SPTIlYAAAAAJ
Rinkee Chopra,"Assistant Professor, IIT Indore","Circularly Polarized and Broadband …, Microwave Circuits, Yagi-Uda Antennas, End-fire antennas, filt",382.0,https://scholar.google.com/citations?hl=en&user=J0gqnKAAAAAJ
Ayush Tripathi,Indian Institute of Technology Indore,"Biomedical Signal Processing, EEG, Human Computer Interaction, Brain Computer Interface, Sleep",381.0,https://scholar.google.com/citations?hl=en&user=qTP74jwAAAAJ
Sanchit Gupta,"Senior Research Associate, Indian Institute of Technology Indore","Sustainable construction practices, pervious concrete, rheology",367.0,https://scholar.google.com/citations?hl=en&user=LFqzfGMAAAAJ
SURESH CHANDRA BARAL,"IIT Indore, India","Energy, Catalysis, Sustainability",354.0,https://scholar.google.com/citations?hl=en&user=38bvSWsAAAAJ
Bibekananda Maji,"Associate Professor, IIT Indore","Analytic Number Theory, Modular Forms, Partition Theory, Special values of L-functions.",350.0,https://scholar.google.com/citations?hl=en&user=io62IdQAAAAJ
Asish Kumar Das,Indian Institute of Technology Indore,"Secondary Batteries, Solid Electrolytes, All Solid-State Batteries, Cathodes, EIS",345.0,https://scholar.google.com/citations?hl=en&user=Es_4ep4AAAAJ
Prasant Samantray,"Assistant Professor of Centre of Astronomy, IIT-Indore",High Energy Theoretical Physics,342.0,https://scholar.google.com/citations?hl=en&user=5tPH9_YAAAAJ
Sk. Safique Ahmad,"Associate Professor, Discipline of Mathematics, IIT Indore",Numerical Linear Algebra,341.0,https://scholar.google.com/citations?hl=en&user=zM_0qEUAAAAJ
Preetika Karnal,IIT Indore,"Chemical Engineering, Soft matter, Adhesion, Surface science, Interfacial mechanics",340.0,https://scholar.google.com/citations?hl=en&user=csVZYykAAAAJ
Vinay Kumar Gupta,"Department of Mathematics, IIT Indore, India","Kinetic Theory, Applied Mathematics, Granular flows",339.0,https://scholar.google.com/citations?hl=en&user=Bu1mn7AAAAAJ
Dr. Parameshwar. R. Chikate,Indian Institute of Technology Indore,"Field Emission, Watar-Splitting, Resistive Switching, Gas Sensing",337.0,https://scholar.google.com/citations?hl=en&user=BXSg4BMAAAAJ
Dipanjan Nag,Indian Institute of Technology (IIT) Indore,"Urban Transport Planning, Travel Behaviour, Transport Modelling, Walking, Digital Twins",327.0,https://scholar.google.com/citations?hl=en&user=GnLsD5AAAAAJ
Shashank Gupta,"Indian Institute of Technology, Indore","Quantum cryptography, quantum information theory, quantum correlations",326.0,https://scholar.google.com/citations?hl=en&user=4dn4lHGbFzAC
Vivek Verma,Indian Institute of Technology Indore,"Multicomponent diffusion, Thermo-kinetics, Physical Metallurgy",325.0,https://scholar.google.com/citations?hl=en&user=ElT_W2YAAAAJ
Nilesh kumbhar,"Indian Institute of Technology, Indore","Surface Engineering, Biomaterials",324.0,https://scholar.google.com/citations?hl=en&user=VMcoa4AAAAAJ
Anup Kumar Gupta,Indian Institute of Technology Indore,"Trustworthy AI, Adversarial Attacks and Defenses, Computer Vision",318.0,https://scholar.google.com/citations?hl=en&user=yNhpJTAAAAAJ
Dr. Vivek Singh,Indian Institute of Technology Indore,Welding Technology,316.0,https://scholar.google.com/citations?hl=en&user=_Bt_UjkAAAAJ
AKSHAY PRATAP SINGH,Indian Institute of Technology Indore,Geotechnical Engineering,314.0,https://scholar.google.com/citations?hl=en&user=Ar0wYLUAAAAJ
Dr. Palak Saket,Indian Institute of Technology Indore,"Environmental biotechnology, CW-MFC, bioelectrochemistry, dye degradation, algal technology",308.0,https://scholar.google.com/citations?hl=en&user=p-mlQxwAAAAJ
Dr. Palak Saket,"University of Huddersfield, CSIR-IMMT, Indian Institute of Technology Indore","Environmental Botechnology, CW-MFC, Bioremediation using Algae, Bioenergy, Nanoparticles",308.0,https://scholar.google.com/citations?hl=en&user=DzHCzO4AAAAJ
RV Ramana Reddy,IIT Indore,Chemistry,296.0,https://scholar.google.com/citations?hl=en&user=NVTNUhYAAAAJ
Ashish Rajak,"Assistant Professor, Mechanical Engineering, IIT Indore, India","Electromagnetic crimping, welding, forming, thermosonic ball bonding process",292.0,https://scholar.google.com/citations?hl=en&user=eHnsIccAAAAJ
Rupanjali Prasad,"Assistant Professor, IIT Indore","Crystallization, Particle Engineering, Process Monitoring, Spectroscopy, PAT",292.0,https://scholar.google.com/citations?hl=en&user=NRahLzcAAAAJ
Jatin Prakash,"IIT Indore, University of Alberta, Canada","Artificial Intelligence, Machine Learning, Condition Monitoring, Hydraulic systems",290.0,https://scholar.google.com/citations?hl=en&user=w5_9KwQAAAAJ
Khushubo Tiwari (Devi),Indian Institute of Technology Indore,"Iron Ore Reduction, Phase Transformation, Nanoalloys, TEM",284.0,https://scholar.google.com/citations?hl=en&user=sCL9Zl4AAAAJ
Dr. Tapas Ray,Indian Institute Technology (IIT) Indore,"Forest Fire Ecology, Climate Change, Forest Management, Plant Diversity",284.0,https://scholar.google.com/citations?hl=en&user=BbbotxUAAAAJ
Sudhananda Maharana,Indian Institute of Technology Indore,"Geometric Function Theory, Special Functions, Univalent Harmonic Functions",280.0,https://scholar.google.com/citations?hl=en&user=Opk9gRQAAAAJ
Debasish Pattanayak,"Department of Computer Science and Enginerring, IIT Indore","Distributed Computing, Fault-tolerance, Swarm Robots, Mobile Agents",273.0,https://scholar.google.com/citations?hl=en&user=E-jjx9gAAAAJ
Dr. Nisheeth Kumar Prasad,Assistant Professor (IIT Indore),Corrosion and materials protection,272.0,https://scholar.google.com/citations?hl=en&user=vjypzxYAAAAJ
Maheandera Prabu Paulraj,I-PDF at IIT Madras &  N-PDF at IIT Indore,"CFD simulation, Heat Energy, Nanofluids, Power Plant Solutions- Analysis and …",267.0,https://scholar.google.com/citations?hl=en&user=hV1pankAAAAJ
Deepika Bollimpalli,Indian Institute of Technology Indore,"Relativistic astrophysics, Accretion discs around compact objects, Cataclysmic variables, Variabilit",267.0,https://scholar.google.com/citations?hl=en&user=tqEOR9gAAAAJ
Gaurav Chauhan,"Assistant Professor, Indian Institute of Technology, Indore","Polymer Physics, Biophysics, Phase Separation, Reaction modeling, Macromolecular crowding",263.0,https://scholar.google.com/citations?hl=en&user=MdAFTWoAAAAJ
Srivathsan Vasudevan,"Professor, Indian Institute of Technology Indore","Photoacoustic imaging, Non-destructive testing",262.0,https://scholar.google.com/citations?hl=en&user=4EXe_okAAAAJ
Jitendra Dhanotia,"Indian Institute of Technology, Indore, India","interferometry, optical metrology, fringe analysis",261.0,https://scholar.google.com/citations?hl=en&user=KA13ulAAAAAJ
Dr. Kaustav Bakshi,"Associate Professor in Civil Engineering, Indian Institute of Technology Indore, India","Laminated composite shells, Nonlinear bending and vibration, failure predictions, stiffened shell responses",260.0,https://scholar.google.com/citations?hl=en&user=Blo-2UIAAAAJ
Nirmala Menon,Professor of Literature and Digital Humanities IIT Indore,"Postcolonial Literature, Digital Humanities",259.0,https://scholar.google.com/citations?hl=en&user=4ohNq8gAAAAJ
Manavendra N Mahato,IIT Indore,Gauge gravity correspondence,258.0,https://scholar.google.com/citations?hl=en&user=y1evN94AAAAJ
Sagnik Mitra,IIT Indore,"Process Control, Model Predictive Control, Biopharmaceuticals, Mitochondrial Diseases, Nanotechnology",254.0,https://scholar.google.com/citations?hl=en&user=R8yd3skAAAAJ
Himali Singh,Indian Institute of Technology Indore,"stochastic filtering, signal processing, machine learning",253.0,https://scholar.google.com/citations?hl=en&user=nxpM9x4AAAAJ
Ayan Kumar Manna,Indian Institute of Technology Indore,Experimental High Energy Physics,246.0,https://scholar.google.com/citations?hl=en&user=cdMSFn8AAAAJ
Sourav Chandra,Indian Institute of Technology Indore,"Electromyography, NeuroMotor Control, Neuro Mechanics, Estimation Theory, Signal Processing",245.0,https://scholar.google.com/citations?hl=en&user=M3i6ohEAAAAJ
ruchi singh,IIT Indore,"Photodetectors, optoelectronics, and Semiconductor devices",244.0,https://scholar.google.com/citations?hl=en&user=q9sCIfQAAAAJ
Abhilasha Maheshwari,"Assistant Professor, Department of Chemical Engineering, IIT Indore","Water Distribution Networks, Modelling &Optimization, Environmental Chemistry, Smart water",240.0,https://scholar.google.com/citations?hl=en&user=deYBcfgAAAAJ
Mukul Lokhande,"IIT Indore, Intel Labs Bengaluru, SGGSIET Nanded","computer architecture, deep learning, computer vision, high performance computing",240.0,https://scholar.google.com/citations?hl=en&user=axoFxjUAAAAJ
Suryakamal Sarma,Indian Institute of Technology Indore,"Physical Chemistry, Biochemistry, Self-assembly, Bio-condensation, Deep Eutectic Solvents",239.0,https://scholar.google.com/citations?hl=en&user=XykTiKQAAAAJ
Ravinder Kumar,Indian Institute of Technology Indore.,"Metal-Organic Frameworks, Covalent Organic Frameworks, Carbon Material",238.0,https://scholar.google.com/citations?hl=en&user=Bh2yHysAAAAJ
Khushwant Singh,"IIT Indore, NTUST (Taiwan tech), Sandwich Fellow at Tel Aviv University Israel, MP Young …","Angstrofluidics, water and ion transport, 2D materials, Nanofluidics",238.0,https://scholar.google.com/citations?hl=en&user=NOSzjIcAAAAJ
Sumit Chaudhary,IIT Indore,"HEMT, Device Analysis, Tcad Simulation, PVD",233.0,https://scholar.google.com/citations?hl=en&user=wJC823EAAAAJ
Lawqueen Kanesh,"Indian Institute of Technology Indore, India","Parameterized Complexity, Algorithms, Graph Theory",233.0,https://scholar.google.com/citations?hl=en&user=WD1JUOEAAAAJ
Anas Ullah Khan,Indian Institute of Technology Indore,Wire arc additive manufacturing,223.0,https://scholar.google.com/citations?hl=en&user=zy5laHYAAAAJ
Revanth Dugalam,IIT Indore,"Structural health monitoring, Damage detection, Uncertainty quantification, Artificial Intelligence",223.0,https://scholar.google.com/citations?hl=en&user=Hv7R4nEAAAAJ
Chandan Halder,"Assistant Professor, Indian Institute of Technology Indore",Modeling and Simulation of Materials,222.0,https://scholar.google.com/citations?hl=en&user=Jc4fgVQAAAAJ
Balmukund Dhakar,"Indian Institute of Technology, Indore, MP, India",Thermal Spray Coating,210.0,https://scholar.google.com/citations?hl=en&user=ki8GdZQAAAAJ
Rahul Dev Mishra,Indian institute of technology indore,"Silicon photonics, Microwave engineering",210.0,https://scholar.google.com/citations?hl=en&user=O2HqVMoAAAAJ
Dr. Nehal  Ahmad,"AMU, Jamia Millia Islamia Central University, IIT Indore, National Taipei University of Tech …","Quantum ML, RVFL, Optimization, NLP, LLM",210.0,https://scholar.google.com/citations?hl=en&user=XeUHXyUAAAAJ
Shahid Shafi Dar,Indian Institute of Technology Indore,"Natural Language Processing, Computer Vision, Crisis Informatics, Social Network Analytics",207.0,https://scholar.google.com/citations?hl=en&user=L9e0myAAAAAJ
Ranjith Kumar Poobalan,"Assistant Professor, IIT-Indore","Thin films, Solar energy, Sputtering, Nanomaterials",205.0,https://scholar.google.com/citations?hl=en&user=iTe5x74AAAAJ
Sanjeev Singh,"Associate Professor, Department of Mathematics, IIT Indore","Special functions, Turan type inequalities, Functions of a complex variable",199.0,https://scholar.google.com/citations?hl=en&user=BU4fWsMAAAAJ
Dr. Devesh Mishra,IIT Indore,"Internet of Things (IoT), Drones, Robotics, Sensor Network, Patents",198.0,https://scholar.google.com/citations?hl=en&user=-2hZyN0AAAAJ
Himanshu Kumar,Indian Institute of Technology Indore,"Biomedical Signal Processing, Neural Engineering, ML for Healthcare, Brain Connectivity",194.0,https://scholar.google.com/citations?hl=en&user=rlqKrlwAAAAJ
Niraj K. Shukla,"Indian Institute of Technology Indore, Indore, India","Wavelet, Frame and Harmonic Analysis",191.0,https://scholar.google.com/citations?hl=en&user=u0Uh8fAAAAAJ
Sanjram Premjit Khanganba,https://orcid.org/0000-0002-6215-7500 (IIT Indore),"Human Factors & Applied Cognition …, Interactive Systems, Medical and",185.0,https://scholar.google.com/citations?hl=en&user=fE-QpWUAAAAJ
Himani Joshi,IIT Indore,Theoretical and Computational Condensed …,185.0,https://scholar.google.com/citations?hl=en&user=ci9Rpa8AAAAJ
Vikash Kumar Verma,IIT Indore,2D-TMD Based Gas Sensors,185.0,https://scholar.google.com/citations?hl=en&user=xzTPtN4AAAAJ
Chinthakuntla Mahendar,Indian Institute of Technology Indore,Metallogels,176.0,https://scholar.google.com/citations?hl=en&user=4UsmnFwAAAAJ
Dr. Lokanath Mohapatra,"Research associate, IIT Indore","Nanomaterials, electrochemistry, Water splitting, Solar Energy, photoelectrochemical water splitting",175.0,https://scholar.google.com/citations?hl=en&user=Q-8uDgMAAAAJ
Jacob John,"Department of Chemical Engineering, IIT Indore","rheology, bacterial biofilms, microscopy, active colloids",173.0,https://scholar.google.com/citations?hl=en&user=-fH7jhgAAAAJ
Neha Dagar,Indian Institute of Technology Indore,"Electrochemical Energy Storage, Na-ion Batteries, Layered Oxide Cathodes, EIS",173.0,https://scholar.google.com/citations?hl=en&user=yEGRitAAAAAJ
Dr. Nirmiti Mate,"TRF Fellow, IIT Indore","Nanomaterials, Carbon dots, Carbon dots-based nanocomposites, Water purification, Desalination",171.0,https://scholar.google.com/citations?hl=en&user=V_V2cZoAAAAJ
Krishanu Saini,"Indian Institute of Technology, Indore","Deep Learning, Generative Adversarial Networks, Computer Vision, Video Understanding",159.0,https://scholar.google.com/citations?hl=en&user=qDIfyfgAAAAJ
Rahul Choudhary,Indian Institute of Technology Indore,,158.0,https://scholar.google.com/citations?hl=en&user=38cFyBYAAAAJ
Pawan Kumar,"Indian Institute of Technology Indore, India","Inorganic Chemistry, Material Chemistry, Biomaterials for Drug Delivery",155.0,https://scholar.google.com/citations?hl=en&user=Nt-_kLEAAAAJ
Hari Mohan Kushwaha,"Indian Institute of Technology Indore, Indore (MP) INDIA","Rarefied Flows, Heat Transfer, CFD",151.0,https://scholar.google.com/citations?hl=en&user=ipmE6bQAAAAJ
Rajendra Goud,"IIT Indore, IIT Bhubaneswar and DIAT (DRDO) Pune","Shape Memory Alloys, Additive Manufacturing, Advanced Materials, Characterization, Surface Engg.",150.0,https://scholar.google.com/citations?hl=en&user=Wg9fDucAAAAJ
Shraddha M. Rajore,"Department of Metallurgical Engineering and Materials Science, Indian Institute of …","Metal-Air Batteries, Oxygen Electrocatalysts, Energy Storage Material, Na-ion Batteries",147.0,https://scholar.google.com/citations?hl=en&user=7coXadUAAAAJ
R. Kailasham,"Assistant Professor, Indian Institute of Technology Indore","Fluid Mechanics, Active Matter, Statistical Mechanics, Polymer Rheology, Internal friction",146.0,https://scholar.google.com/citations?hl=en&user=PPv41igAAAAJ
Dr. Srija Roy,"Postdoctoral Research Associate, Indian Institute of Technology, Indore","Remote Sensing & GIS, Hydrology, Geomorphology, Hydrogeology, Erosional Analysis",144.0,https://scholar.google.com/citations?hl=en&user=ETzJhaAAAAAJ
shailesh mohine,IIT Indore,"Signal Processing, Machine learning, Deep learning, Pattern recognition",142.0,https://scholar.google.com/citations?hl=en&user=p0IUdB0AAAAJ
Pratibha Khandait,Indian Institute of Technology Indore,"Network Security, Computer Network",142.0,https://scholar.google.com/citations?hl=en&user=Wx73nIwAAAAJ
Sourav Bhowmik,IIT Indore,Bioorganic chemistry,137.0,https://scholar.google.com/citations?hl=en&user=gwHL6yUAAAAJ
KVS Chaithanya,"Department of Chemical Engineering, Indian Institute of Technology Indore","Mechanobiology, Soft and Active Matter, Interfaces, Complex Fluids, Lattice Boltzmann Method",133.0,https://scholar.google.com/citations?hl=en&user=nWllBLEAAAAJ
Himanshu Kaushik,"Indian Institute of Technology, Indore","Micrometeorology, Glacier Dynamics, Mass Balance, Glacial Hydrology",133.0,https://scholar.google.com/citations?hl=en&user=TupFROsAAAAJ
Shashank Kora,"IIT Indore, India",Signal processing,132.0,https://scholar.google.com/citations?hl=en&user=Ld1h5ZYAAAAJ
Avinash Pakala,"IIT Indore, India",Signal Processing,132.0,https://scholar.google.com/citations?hl=en&user=HHLbDYYAAAAJ
Vijai Laxmi,"Assistant Professor, Indian Institute of Technology Indore","Microfluidics, Fluid mechanics",132.0,https://scholar.google.com/citations?hl=en&user=dQhR86EAAAAJ
Saniya Ayaz,Indian Institute of Technology Indore,"Semiconductors, Electrochemistry, surface science",132.0,https://scholar.google.com/citations?hl=en&user=lNdcoXkAAAAJ
Eti Mahal,IIT Indore,"Computational Chemistry, Hybrid Perovskites, Electronic Structure Theory",131.0,https://scholar.google.com/citations?hl=en&user=vG6x3J4AAAAJ
Debopriya Mukherjee,"Assistant Professor, Department of Mathematics, IIT INDORE","Stochastic partial differential equations, ergodic theory of infinite-dimensional …",125.0,https://scholar.google.com/citations?hl=en&user=QbsZHbcAAAAJ
Sachin Kumar,IIT Indore,"Plasma, Material Processing, Sustainability, Thermal applications, Renewable energy",122.0,https://scholar.google.com/citations?hl=en&user=JZCXHfYAAAAJ
Aayushi Malviya,"B.Tech. in Computer Science, Indian Institute of Technology Indore","Big data, machine learning, clustering, Apache Spark, Apache Hadoop",119.0,https://scholar.google.com/citations?hl=en&user=Ci1eyk8AAAAJ
Sourav Mitra,"Assistant Professor (Grade I), IIT Indore","PDEs, control theory, fluid mechanics, Navier-Stokes equations",119.0,https://scholar.google.com/citations?hl=en&user=bbkbJAIAAAAJ
Nivedita Sethiya,Indian Institute of Technology Indore,Speech Language Processing,117.0,https://scholar.google.com/citations?hl=en&user=vb59TuAAAAAJ
RAJNISH PRAKASH MODANWAL,IIT Bombay & IIT Indore,"High Entropy Alloys, Soft Magnetic Materials, Tribology, Polymer Composite and nanocomposite",111.0,https://scholar.google.com/citations?hl=en&user=7YMJOl0AAAAJ
Ranveer Singh,IIT Indore,Algebraic Graph Theory,108.0,https://scholar.google.com/citations?hl=en&user=sP9CzJQAAAAJ
Ayushi Suman,Indian institute of technology indore,"Statistical physics, Mathematical Physics, Nonlinear dynamics",107.0,https://scholar.google.com/citations?hl=en&user=Ajpgpw0AAAAJ
Poonam Deshmukh,IIT Indore,,106.0,https://scholar.google.com/citations?hl=en&user=T2Eg5eAAAAAJ
Aditya Nalwaya,"Indian Institute of Technology, Indore","Biomedical Signal Processing, Nonstationary Signal Processing, Brain-Computer Interfacing, Machine Learning and AI",105.0,https://scholar.google.com/citations?hl=en&user=p77xjzsAAAAJ
Rahul Chaudhari,"Indian Institute of Technology, Indore",Molecular Immunology,104.0,https://scholar.google.com/citations?hl=en&user=madtK8MAAAAJ
Girija Sankar Pradhan,Indian Institute of Technology Indore,"Experimental High Energy Physics, Nuclear Physics, Cosmology, Astroparticle  Physics",102.0,https://scholar.google.com/citations?hl=en&user=C72lh3cAAAAJ
Vipin Goyal,"Research Associate, Indian Institute of Technology, Indore India","Additive Manufacturing, Materials characterization, Biomaterials, Tribology & Corrosion",95.0,https://scholar.google.com/citations?hl=en&user=TyGV0Y8AAAAJ
Priyanka Rajwani,Indian Institute of Technology Indore,"Nonlinear Dynamics, Synchronization, Kuramoto model",95.0,https://scholar.google.com/citations?hl=en&user=fBbX77gAAAAJ
Meher Prakash,IIT Indore,"Synthetic Organic Chemistry, Peptide Chemistry, Natural Product Synthesis",93.0,https://scholar.google.com/citations?hl=en&user=8ZxQVLEAAAAJ
Yogendra Singh,"Deputy IT Officer, Indian Institute of Technology Indore","Network Protocols, System Automation, Network Security",92.0,https://scholar.google.com/citations?hl=en&user=fKOgxTAAAAAJ
Krishna Tomar,IIT Indore,Additive Manufacturing,92.0,https://scholar.google.com/citations?hl=en&user=N2YjPfcAAAAJ
Venkatesh Thirugnanasambandam,"Graduate Teaching Assistant, Electrical Engineering, IIT Indore, India","Power System Security Analysis, Smart Grids, Synchrophasors, WAMS, Smart Power Transfer Technology",89.0,https://scholar.google.com/citations?hl=en&user=4-9Tf3cAAAAJ
Subhash Nevhal,IIT Indore,density functional theory,86.0,https://scholar.google.com/citations?hl=en&user=2KmeKIgAAAAJ
Jay Joshi,IIT Indore,"Heat Transfer, Computational Fluid Dynamics, Jet impingement cooling, Turbulence Modelling",86.0,https://scholar.google.com/citations?hl=en&user=0dU6eqkAAAAJ
Himani Joshi,IIT Indore,Computational Condensed Matter Physics,86.0,https://scholar.google.com/citations?hl=en&user=DFgChJ4AAAAJ
Swastik Saxena,Indian Institute of Technology Indore,"Computer Vision, Traffic Sign Detection and Recognition",83.0,https://scholar.google.com/citations?hl=en&user=BtAgCaoAAAAJ
Dr. Hitesh Patil,Indian Institute of Technology Indore,"Lightweight Alloy, Creep Deformation, Metal Casting",81.0,https://scholar.google.com/citations?hl=en&user=ZTADBYMAAAAJ
Sharad Kumar Singh,"Assistant Professor, IIT Indore","Game theory, Robotics, Optimization techniques, Multi-agent systems, Operations research",80.0,https://scholar.google.com/citations?hl=en&user=ksaIIyYAAAAJ
Sunanda Samanta,Indian Institute of Technology Indore,"Computational Biophysics, Drug Discovery",80.0,https://scholar.google.com/citations?hl=en&user=ly0f5TkAAAAJ
Sharad Kumar Singh,"Assistant Professor, IIT Indore","Robotics, Multi-agent Path Finding, Game theory, Differential Games",80.0,https://scholar.google.com/citations?hl=en&user=I-ejXuoAAAAJ
Shruti Sandip Ghodke,"Researcher, IIT Indore","VLSI Technology, RRAM, Memristor, CMOS",78.0,https://scholar.google.com/citations?hl=en&user=idPPxIIAAAAJ
Lokesh Yadav,IIT Indore,"Theoretical Condensed Matter Physics, Computational Materials Physics and Material …",78.0,https://scholar.google.com/citations?hl=en&user=nbSzlWYAAAAJ
Anshuman Tripathi,Indian Institute of Technology Indore,"21cm Cosmology, Machine Learning",76.0,https://scholar.google.com/citations?hl=en&user=kKMzGPAAAAAJ
Shivam  Kumar,Indian Institute of Technology Indore,"Raman spectroscopy, e-ph, s-ph Interaction, Anharmonicity",76.0,https://scholar.google.com/citations?hl=en&user=cITEsc8AAAAJ
Gaurav Kumar Yadav,"Postdoctoral Fellow, IIT Indore","Nanophotonics, Plasmonics, Quantum Photonics, Integrated Photonics, Non-Linear Photonics",74.0,https://scholar.google.com/citations?hl=en&user=B4d7TH8AAAAJ
Arvind Kumar,Indian Institute of Technology Indore,macine learning deep learning and its …,72.0,https://scholar.google.com/citations?hl=en&user=seNDwxcAAAAJ
Dr. NK Kulkarni,"Research Associate (Post Doc), Electrical Engineering Department, IIT Indore","Distributed Generation, Power Electronic Converter Design, etc.",71.0,https://scholar.google.com/citations?hl=en&user=_6vlqw0AAAAJ
Prabhat Kumar Chand,"Research Associate, Indian Institute of Technology, Indore","Distributed Computing, Distributed Graph Algorithms, Mobile Agents, Mobile Robots, Fault Tolerance",70.0,https://scholar.google.com/citations?hl=en&user=UdK9ZCwAAAAJ
Rajni Lodhi,"Indian Institute of Technology Indore, India","Synthetic Organic Chemistry, Asymmetric  Synthesis, Natural product Synthesis",70.0,https://scholar.google.com/citations?hl=en&user=prMkluQAAAAJ
Kajal Yadav,Indian Institute of Technology Indore,"NOMA, IRS, UAV, Physical Layer Security",69.0,https://scholar.google.com/citations?hl=en&user=7KQ_7KMAAAAJ
Nivin TS,"Research Associate,IIT Indore","material science, Energy harvesting and Storage",68.0,https://scholar.google.com/citations?hl=en&user=azwOgBAAAAAJ
Rahul Chaudhari,"Postdoctoral Fellow, Department of Chemistry, Indian Institute of Technology (IIT), Indore","Polymer, Coatings, Polymer Composites, Nanomaterials",68.0,https://scholar.google.com/citations?hl=en&user=ihqrS9gAAAAJ
Purnadip Chakrabarti,Indian Institute of Technology Indore,"Machine Learning, Deep Learning, Natural Language Processing, Computer Vision",67.0,https://scholar.google.com/citations?hl=en&user=nM84ozcAAAAJ
Kedarmal Verma,IIT Indore,"Sleep, Cognitive Psychology, False Memory",62.0,https://scholar.google.com/citations?hl=en&user=vYV6A2MAAAAJ
Richa Gupta,"ANRF-NPDF, IIT Indore","Na-ion, Zn-ion, Electrolyte, Membrane, Electrochemistry",61.0,https://scholar.google.com/citations?hl=en&user=IAitfxgAAAAJ
Brijeshwar Singh,Indian Institute of Technology Indore,,61.0,https://scholar.google.com/citations?hl=en&user=0MwmEjgAAAAJ
Aayush Pathak,"Indian Institute of Technology, Indore","Mechanical Behavior of Materials, Fracture Mechanics, Solid Mechanics, LASER Additive Manufacturing",60.0,https://scholar.google.com/citations?hl=en&user=bxroP-IAAAAJ
Krishna Singh,"Indian Institute of Technology, Indore","RNA Biology, Biophysics, Neurodegeneration, Neuropharmacology",60.0,https://scholar.google.com/citations?hl=en&user=TcwhmvsAAAAJ
Dr. Krishna Mohan Kumar,"Assistant Professor, Department of Mechanical Engineering, Indian Institute of Technology …","Acoustics of Ducts and Mufflers, Designing for Quietness, Industrial and Automotive Noise and",58.0,https://scholar.google.com/citations?hl=en&user=Fq0imOkAAAAJ
Samit Kumar Pal,Indian Institute of Technology Indore,"Radio Astronomy, 21-cm Cosmology",57.0,https://scholar.google.com/citations?hl=en&user=jLJi-C4AAAAJ
Dr. M. Amin Khan,Indian Institute of Technology Indore,"Wildfire, Remote Sensing & GIS, Human Geography, Conservation, Indigenous (tribal) People",56.0,https://scholar.google.com/citations?hl=en&user=mYyTeU8AAAAJ
Dr Hari Narayan Singh,"Researcher, Department of Mechanical Engineering, Indian Institute of Technology Indore …","Additive Manufacturing, Tribo-corrosion Study of Bio-materials, Customized Implant Design",55.0,https://scholar.google.com/citations?hl=en&user=RZfcAqcAAAAJ
Anam Sabir,Indian Institute of Technology Indore,"Remote Sensing, Synthetic Aperture Radar, Time-series analysis",55.0,https://scholar.google.com/citations?hl=en&user=gpfezK4AAAAJ
Swati Pandey,Indian Institute of Technology Indore,,54.0,https://scholar.google.com/citations?hl=en&user=VB5fRT8AAAAJ
Somya Mehta,IIT Indore,"Natural Language Processing, Machine Learning, Deep Learning",53.0,https://scholar.google.com/citations?hl=en&user=XoeVZOkAAAAJ
Dr. Prashant Kumar Mishra,IIT Indore,"Photo-sensors, Pho-degradation, Electrochemical sensing Defects modification …",52.0,https://scholar.google.com/citations?hl=en&user=DjhyhOIAAAAJ
Sayak Chakravorty,"Indian Institute of Technology, Indore","Environmental Engineering, Solid Waste Management, Wastewater Treatment, Water Quality and Supply",52.0,https://scholar.google.com/citations?hl=en&user=6_b-EnwAAAAJ
Vishal Chourasia,IIT indore,"Hardware Security, High Level Synthesis, Trojan Attack, IP Core Protection, AI & ML",52.0,https://scholar.google.com/citations?hl=en&user=-OhY9AsAAAAJ
Ashok Kumar,Indian Institute of Technology Indore,"Thermal Spray Coating, FEM Simulation",52.0,https://scholar.google.com/citations?hl=en&user=0OzsKy4AAAAJ
Rahul Som,"Research Associate, Department of Mathematics, Indian Institute of Technology Indore","Applied Mathematics, Wave Propagation, Plate and Shell Theory",51.0,https://scholar.google.com/citations?hl=en&user=36zN0FkAAAAJ
Pranit Hemant Bagde,"Indian Institute of Technology, Indore","Cancer Biology, Viral Oncology, Host-Pathogen interaction, Disease Biology, Therapeutics",51.0,https://scholar.google.com/citations?hl=en&user=h9iMFPkAAAAJ
Masabattula Teja Nikhil,"MS Research Computer science, IIT-Indore","Deep learning, LLM's, Multi GPU training optimization",51.0,https://scholar.google.com/citations?hl=en&user=p4VBKRcAAAAJ
priyanka payal,Indian Institute Of Technology–Indore,,50.0,https://scholar.google.com/citations?hl=en&user=xCkHxckAAAAJ
Aakriti Singh,Indian Institute of Technology Indore,Nucleic acid secondary structures,50.0,https://scholar.google.com/citations?hl=en&user=JSsnzZQAAAAJ
Aditya Narendra,Indian Institute of Technology Indore,"Uncertainty Quantification, Trustworthy ML, AI for Healthcare",50.0,https://scholar.google.com/citations?hl=en&user=5q5Ng58AAAAJ
Ayush Garg,"Indian Institute of Technology, Indore","Hihg-energy Astrophysics, GRBs, AGNs",49.0,https://scholar.google.com/citations?hl=en&user=E3fvxEcAAAAJ
Dr. Ananya Ghoshal,"Associate Professor of English, IIT Indore","Literature & the Other Arts, Music & Modernism, The Anthropocene, Film Auteurism, Disability Studies",48.0,https://scholar.google.com/citations?hl=en&user=orgFxuwAAAAJ
Setu Suman,Doctoral Researcher at IIT Indore,"Friction stir welding, Surface engineering, Corrosion, Tribology",48.0,https://scholar.google.com/citations?hl=en&user=635lHqoAAAAJ
Dr. Darakshan Parveen,Indian Institute of Technology Indore,s-block metal complexes: Synthesis and their …,46.0,https://scholar.google.com/citations?hl=en&user=-X1C-NoAAAAJ
MOHD WAZID,IIT Indore,Organic Materials Organic Electronic Organic …,44.0,https://scholar.google.com/citations?hl=en&user=XPUU6x8AAAAJ
VINEETA SINGH PATEL,Indian Institute of Technology Indore,Modal logic and Rough set theory,43.0,https://scholar.google.com/citations?hl=en&user=8_DbU-IAAAAJ
TUSHAR ASHOK KHARDE,IIT Indore,Organometallics and Nano-catalyst Biomass …,43.0,https://scholar.google.com/citations?hl=en&user=bq_p4kQAAAAJ
NANDINI SINGH,Indian Institute of Technology Indore,,42.0,https://scholar.google.com/citations?hl=en&user=5NaRt2YAAAAJ
Vijay Kumar Sohani,"Discipline of Mathematics, IIT Indore",Harmonic Analysis,41.0,https://scholar.google.com/citations?hl=en&user=7i4qZ5kAAAAJ
Dr. Ashok Kumar Mocherla,"Associate Professor of Sociology, Indian Institute of Technology Indore","Sociology of Religion, Caste, Public Health and Faith Healing",41.0,https://scholar.google.com/citations?hl=en&user=JYychp0AAAAJ
Shravan Kumar Namdeo,"IIT , Indore","Wireless Communication, NOMA, ISAC, Machine Learning, AI",41.0,https://scholar.google.com/citations?hl=en&user=SeOLMl8AAAAJ
SANGITA BISHI,IIT Indore,… System for Efficient and Selective Organic …,41.0,https://scholar.google.com/citations?hl=en&user=77WfqysAAAAJ
Kamaljeet Singh,Indian Institute of Technology Indore,Heavy-Ion collisions at LHC,40.0,https://scholar.google.com/citations?hl=en&user=StTS--IAAAAJ
Krish Agrawal,"Department of Computer Science and Engineering, Indian Institute of Technology Indore","System Software, Artificial Intelligence, Large Language Models",40.0,https://scholar.google.com/citations?hl=en&user=Ox9tuR0AAAAJ
Md. Arif Hussain,IIT Indore,"Water Resource Engineering, Climate Change, Field Glaciology",39.0,https://scholar.google.com/citations?hl=en&user=qDyCa-gAAAAJ
Sajad Najar,"Human Factors & Applied Cognition Lab, IIT Indore","Automotive Human Factors, Human Error, Gaze Behavior, Applied Cognitive Psychology",38.0,https://scholar.google.com/citations?hl=en&user=SYrbBDcAAAAJ
Namrata Tiwari,IIT Indore,"Network Security, Computer Networks",38.0,https://scholar.google.com/citations?hl=en&user=TmQSwHgAAAAJ
Nikunj Chhabra,"Indian Institute of Technology, Indore","Machine Learning, Neural Architecture search, Adversarial networks",38.0,https://scholar.google.com/citations?hl=en&user=xTRX2MkAAAAJ
Ravindra Vishwakarma,IIT Indore,"Supramolecular self-assembly, Phase Separation, Luminescent-materials, Aggregation-induced emission",38.0,https://scholar.google.com/citations?hl=en&user=DN67VUwAAAAJ
Pramesh Sinha,Indian Institute of Technology Indore,"Bioscience, biomedical engineering, molecular biology",38.0,https://scholar.google.com/citations?hl=en&user=vUB7KK4AAAAJ
Pavan Gupta,Indian Institute of Technology Indore,"Noise and Vibration control, Acoustic materials, Passive noise control, Noise control",37.0,https://scholar.google.com/citations?hl=en&user=2SB7v_IAAAAJ
Aniruddha Deshmukh,"Department of Mathematics, Indian Institute of Technology, Indore.","Analysis, Metric Spaces, Functional Analysis, Fixed Point Theory, Harmonic Analysis",35.0,https://scholar.google.com/citations?hl=en&user=1FQHceUAAAAJ
Priyamvada,"Assistant Professor, IIT Indore","Graph Theory, Graph Algorithms",35.0,https://scholar.google.com/citations?hl=en&user=fhisxosAAAAJ
JUSTY JOSEPH,IIT Indore,Digital Humanities,35.0,https://scholar.google.com/citations?hl=en&user=ick9ewsAAAAJ
Shilpy Kaur,IIT Indore,"Deep learning, Computer Vision",34.0,https://scholar.google.com/citations?hl=en&user=g6vDj2MAAAAJ
Dr Pradeep Kumar Singh,"Associate Professor, Indian Naval Academy (INA Ezhimala), IIT INDORE (Doctoral Research …","Jet Impingement, Heat transfer, Refrigeration and cooling",33.0,https://scholar.google.com/citations?hl=en&user=_9a_FXgAAAAJ
Praneet Jain,Indian Institute of Technology Indore,Antennas and Microwaves,33.0,https://scholar.google.com/citations?hl=en&user=kqTviQUAAAAJ
Soham Ghosh,"Research Associate, Indian Institute of Technology Indore","Statistical inference, newsvendor model, optimization",32.0,https://scholar.google.com/citations?hl=en&user=rVREwxMAAAAJ
Bhuvnesh Brawar,"Indian Institute of Technology, Indore","Ionosphere, Space Weather",31.0,https://scholar.google.com/citations?hl=en&user=DJbNF2wAAAAJ
Rithwik Vardhan Akkinepally,Indian Institute of Technology Indore,,31.0,https://scholar.google.com/citations?hl=en&user=Mx7p3_kAAAAJ
Dr. Ummed Singh,"Preject Associate, IIT Indore","Welding & Joining, Magnetic Pulse forming, High strain rate process, LS DYNA ANSYS, Characterization",30.0,https://scholar.google.com/citations?hl=en&user=YswT_3AAAAAJ
Advait Sohani,"Indian Institute of Technology, Indore","Biomaterials, Biosensors, Cancer Stem Cells",30.0,https://scholar.google.com/citations?hl=en&user=oI0JXc8AAAAJ
Abneesh Kumar,"MS(Research), IIT Indore","WIre arc additive Manufacturing, Industry4.0, WAAM, Manufacturing",30.0,https://scholar.google.com/citations?hl=en&user=akrf3JIAAAAJ
Partha Sarathi Rout,"Indian Institute of Technology, Indore","Energy storage, Energy harvesting, Device Physics, Nano materials",29.0,https://scholar.google.com/citations?hl=en&user=HoHjNV0AAAAJ
Banadeep Dutta,"Senior Research Fellow, Indian Institute of Technology Indore",Applications of Surface and Interface effects …,29.0,https://scholar.google.com/citations?hl=en&user=uWWt2jwAAAAJ
Thapasya Jayaraj,Indian Institute of Technology Indore,Linguistics,28.0,https://scholar.google.com/citations?hl=en&user=B5OfhmwAAAAJ
Venu Gopal Yamalakonda,Research Scientist at IIT Indore,"Stochastic control & signal processing, Communication systems and Networks",27.0,https://scholar.google.com/citations?hl=en&user=HWZtFUEAAAAJ
Anushka Chauhan,Indian Institute of Technology Indore,Energy Economics,27.0,https://scholar.google.com/citations?hl=en&user=Sq4u2HUAAAAJ
Sasank Mouli,IIT Indore,"Complexity theory, Proof Complexity",26.0,https://scholar.google.com/citations?hl=en&user=l38BUzAAAAAJ
Leon Noble,IIT Indore,Cosmology Reionization,26.0,https://scholar.google.com/citations?hl=en&user=LSritLYAAAAJ
Pratishtha Chandra,IIT Indore,"Digital Signal Processing, Bio-medical Signal Processing, Time-Frequency analys",25.0,https://scholar.google.com/citations?hl=en&user=lWCGi08AAAAJ
Anusha Srivastava,"Prime Minister's Research Fellow, Indian Institute of Technology Indore",… -mediated NIR-based diagnostics and therapy,25.0,https://scholar.google.com/citations?hl=en&user=d_CrBCAAAAAJ
Bhagyashri Soumya Nayak,Indian Institute of Technology Indore,"Leukemia, Drug development, Protein Biology",25.0,https://scholar.google.com/citations?hl=en&user=70BYnFcAAAAJ
Shekhar Tyagi,Indian Institute of Technology Indore,"Machine Learning, IOT, WSN, Algorithmic Optimizations",24.0,https://scholar.google.com/citations?hl=en&user=jzNt-EoAAAAJ
Shantanu Samanta,Postdoctoral Researcher at IIT Indore,Organic Synthesis and Catalysis,24.0,https://scholar.google.com/citations?hl=en&user=rv9bscUAAAAJ
Shivansh Raj Pandey,M.Sc. Physics at IIT Indore,,24.0,https://scholar.google.com/citations?hl=en&user=x2ySESwAAAAJ
Anirban Nath,"MS (by Research), Indian Institute of Technology Indore","Federated Learning, Computer Vision, Artificial Intelligence, Machine Learning",22.0,https://scholar.google.com/citations?hl=en&user=RwDVTcsAAAAJ
Swastik Gupta,"Bachelor of Technology, Electrical Engineering, Indian Institute of Technology Indore","Computer Science, Machine Learning, Computer Vision, Software Development",20.0,https://scholar.google.com/citations?hl=en&user=8jw_h1YAAAAJ
Dr. Priyank Mishra,Indian Institute of Technology Indore,"FSS, Metamaterials and Metasurfaces, Microwave absorbers, Millimeter wave Antennas",20.0,https://scholar.google.com/citations?hl=en&user=2PpfRL8AAAAJ
Sagarika Chattopadhyay,Indian Institute of Technology Indore,Literature,19.0,https://scholar.google.com/citations?hl=en&user=eJTVOVgAAAAJ
Umesh Singh,"Postdoctoral fellow, IIT Indore","Wireless Communication, Signal Processing for Communication",19.0,https://scholar.google.com/citations?hl=en&user=dqtXL9YAAAAJ
Smit Patel,Indian Institute Of Technology Indore,"Applied NLP, Siamese Networks, Representational Learning, Computational Linguistics",18.0,https://scholar.google.com/citations?hl=en&user=bimYf5UAAAAJ
Rudrajit Mandal,IIT Indore,"Algal cultivation, Waste management, Bioremediation",18.0,https://scholar.google.com/citations?hl=en&user=9gAWuYwAAAAJ
Ritik Mishra,"Indian Institute of Technology, Indore, India","Machine Learning, Deep Learning, Kernel Methods",18.0,https://scholar.google.com/citations?hl=en&user=ZPcMuC8AAAAJ
Abhishek Sharma,Indian Institute of Technology Indore,"Complex system and Nonlinear dynamics, Synchronisation, Network Science",17.0,https://scholar.google.com/citations?hl=en&user=n3OOlDoAAAAJ
Jithu J Athalathil,Indian Institute of Technology Indore,"Solar cycle variability, Space weather",17.0,https://scholar.google.com/citations?hl=en&user=2zCOofEAAAAJ
Mahima Singh,Indian Institute of Technology Indore,"Media Studies, New Media",16.0,https://scholar.google.com/citations?hl=en&user=XrxikAoAAAAJ
Nitig Singh,Indian Institute of Technology Indore,"Atmospheric Science, Rain Micro Physics, Radar Meteorology, AI/ML and Climate Informatics",16.0,https://scholar.google.com/citations?hl=en&user=M4y_B3cAAAAJ
Jyoti Ranjan Satapathy,"Indian Institute of Technology, Indore","Federated Learning and AI, SDR, Radio fingerprinting, Optimisation, Electronic warfare",16.0,https://scholar.google.com/citations?hl=en&user=ojyyCUkAAAAJ
Dishant Sisodia,"Indian Institute of Technology, Indore","Non linear dynamics and complex systems, Machine Learning",16.0,https://scholar.google.com/citations?hl=en&user=LX92unIAAAAJ
Suman Choudhury,IIT Indore,"Self-assembly, Carbon Dots, Lipid Membrane, Supramolecular assembly",16.0,https://scholar.google.com/citations?hl=en&user=nal1uvYAAAAJ
Naveen Kumar,IIT Indore,Nanomaterials and lipid dynamics,16.0,https://scholar.google.com/citations?hl=en&user=Bul_-QoAAAAJ
Juhee Singh Verma,IIT Indore,Developmental Economics,15.0,https://scholar.google.com/citations?hl=en&user=tSuevJcAAAAJ
Shaifali Arora,IIT INDORE,"Oral History, Memory Studies, Languages and Writing Systems, 1947 Partition, Ethnography and Digital",15.0,https://scholar.google.com/citations?hl=en&user=1k0ATg0AAAAJ
Bodhanam S Praveen,Indian Institute of Technology Indore,"Pavement Geotechnics, Geotechnical Engineering, Ground Improvement, Geosynthetics",15.0,https://scholar.google.com/citations?hl=en&user=eX8RvKIAAAAJ
Shivam Kumar Maurya,Indian Institute of Technology Indore,Organic Synthesis,15.0,https://scholar.google.com/citations?hl=en&user=cJalKQUAAAAJ
Arjun Srivastava,IIT Indore,"Artificial Intelligence, Computer Science, Statistics",14.0,https://scholar.google.com/citations?hl=en&user=ApoqzakAAAAJ
Kavana M,"M.Sc. in Chemistry, IIT Indore","Biophysical Chemistry, Lipid Bilayers, Nanoparticles, Photophysics, Fluorescence Spectroscopy",14.0,https://scholar.google.com/citations?hl=en&user=irlTk3UAAAAJ
Vijay Pratap Sharma,"Indian Institute of Technology, Indore",Hardware accelerators,14.0,https://scholar.google.com/citations?hl=en&user=28pCwXoAAAAJ
Kunika Biyani,Indian Institute of Technology Indore,"Machine Learning, Neural Networks and Deep Learning, Stochastic Computing, Digital Design",13.0,https://scholar.google.com/citations?hl=en&user=nio4sHIAAAAJ
Pawan Singh,"Indian Institute of Technology, Indore","Remittances, Migration, Poverty, Inequality, Development Economics",13.0,https://scholar.google.com/citations?hl=en&user=xYiKLdwAAAAJ
Aratrika Das,Indian Institute of Technology Indore,"Medical Humanities, British Literature, Postcolonial Literatures, Gothic",13.0,https://scholar.google.com/citations?hl=en&user=cpI6zVQAAAAJ
Ketan S. Navale,IIT Indore,"Experimental Condensed Matter Physics, Raman Spectroscopy",13.0,https://scholar.google.com/citations?hl=en&user=xvGDPZoAAAAJ
Swaroop Georgy Zachariah,Indian Institute of Technology Indore,"Copulas, Information Measures, Reliability Theory, Distribution Theory",13.0,https://scholar.google.com/citations?hl=en&user=Qe6WHaEAAAAJ
Shomik Dasgupta,"Associate Professor of History, IIT Indore","History of Political Thought, Modern Indian History",12.0,https://scholar.google.com/citations?hl=en&user=0WhqZm0AAAAJ
akhil atri,Indian Institute of Technology Indore,"Machine Learning, Natural Language Processing, Statistical Data Analysis",12.0,https://scholar.google.com/citations?hl=en&user=kGo1DcgAAAAJ
Anshuman Agrahri,"Indian Institute of Technology, Roorkee; Indian Institute of Technology Indore","Artificial Intelligence, Machine Learning, Author of 'Those Unsaid Words'",12.0,https://scholar.google.com/citations?hl=en&user=I0iO3J8AAAAJ
Poonam Rani,"Senior Research Fellow, Indian Institute of Technology Indore, India","Organic Synthesis, Total synthesis, Photocatalysis, Medicinal Chemistry",12.0,https://scholar.google.com/citations?hl=en&user=xwR4i30AAAAJ
TANISHA RATHORE,IIT Indore,"Cognitive Psychology, Destination Memory",12.0,https://scholar.google.com/citations?hl=en&user=m57tSFYAAAAJ
Gunjan Joshi,Indian Institute of Technology Indore,"Cognitive Psychology, Emotions, False Memory",11.0,https://scholar.google.com/citations?hl=en&user=iRjr51YAAAAJ
Poonam Bajoria,IIT Indore,Sensors,11.0,https://scholar.google.com/citations?hl=en&user=EFGYiW4AAAAJ
Kashif Jamal,"Junior Research Fellow, IIT Indore",Analytic Number Theory,10.0,https://scholar.google.com/citations?hl=en&user=9UDv2WoAAAAJ
Anjali Mittal,"Assistant Professor, IIT Indore",Statistical signal processing,10.0,https://scholar.google.com/citations?hl=en&user=9kWmZLQAAAAJ
Siddhant Singh Maurya,"Senior Research Fellow, IIT Indore","Control of grid forming converters, Small signal modelling of microgrid",10.0,https://scholar.google.com/citations?hl=en&user=1GX7OZkAAAAJ
Sakshi Jain,IIT Indore,"SAR, Hyperspectral, Multispectral, Crop monitoring",10.0,https://scholar.google.com/citations?hl=en&user=PpigqqEAAAAJ
AARTI LAKHARA,Indian Institute of Technology Indore,"FET-device, 2D material, Single crystal growth, Electronic transport",10.0,https://scholar.google.com/citations?hl=en&user=SPgrtywAAAAJ
Jayant Kashyap,Indian Institute of Technology Indore,"poetry, evolutionary biology, microbiology",9.0,https://scholar.google.com/citations?hl=en&user=BSFrmqkAAAAJ
Animesh Paul,Indian Institute of Technology Indore,"Memristor, Neuromorphic Computing, 2D Materials",9.0,https://scholar.google.com/citations?hl=en&user=Agx3BW0AAAAJ
Sourajit Mukherjee,MS (Research) at Indian Institute of Technology Indore,"Sensors, Nanotechnology, Nanofabrication, Gas Sensors, Bio Sensors",9.0,https://scholar.google.com/citations?hl=en&user=ue8CbJMAAAAJ
Mohd Faisal Khan,IIT Indore,"AI hardware accelerators, approximate computing, Posit number system, Qunatization",9.0,https://scholar.google.com/citations?hl=en&user=0SEFVhoAAAAJ
Ritu Kothari Jain,"Post Docotoral Fellow, IITIndore",,9.0,https://scholar.google.com/citations?hl=en&user=cRbAqywAAAAJ
Gopi Kumar,"Indian Institute of Technology Indore, Indore, India","Hydrogen storage, Nanomaterials, Gas Sensors, Fiber composites, Molecular Dynamics",9.0,https://scholar.google.com/citations?hl=en&user=VOeQXg8AAAAJ
Mahendra Tyagi,"IIT Indore, India","RIS, SWIPT, Wireless Communication, Power electronics/multi level converter …",9.0,https://scholar.google.com/citations?hl=en&user=F3rB848AAAAJ
Dibyendu Mondal,Indian Institute of Technology Indore,Commutative algebra,8.0,https://scholar.google.com/citations?hl=en&user=l8OqkdcAAAAJ
Mojammel Haque Sarkar,"Research Associate, IIT Indore",Statistical Inference,8.0,https://scholar.google.com/citations?hl=en&user=S_EniqgAAAAJ
dinesh pandagre,"Translational Research Fellow, IIT indore",Thermal Energy System,8.0,https://scholar.google.com/citations?hl=en&user=I-xaljgAAAAJ
Sujata Gudge,Indian Institute of Technology Indore,Deep Learning,8.0,https://scholar.google.com/citations?hl=en&user=mAJdttkAAAAJ
Nayim Ahamed,Indian Institute of Technology Indore,"Information Theory, Channel Encoding, DL, SDR, USRP",8.0,https://scholar.google.com/citations?hl=en&user=2Sc7iY4AAAAJ
Yashrajsinh Mahida,"Department of Astronomy, Astrophysics and Space Engineering, IIT Indore","Epoch of Reinization, Large-Scale Structure, Early Universe, Statistical Inference, Machine Learning",8.0,https://scholar.google.com/citations?hl=en&user=KXf98F0AAAAJ
Rajat Kumar,Indian Institute of Technology Indore,"mmWave, MIMO Channel Estimation, RIS, Hybrid Beamforming",8.0,https://scholar.google.com/citations?hl=en&user=1cMdmMsAAAAJ
Nischit Hosamani,"Graduate, IIT Indore",computer vision,7.0,https://scholar.google.com/citations?hl=en&user=9VNBbX8AAAAJ
Gaurav Sharma,Indian Institute of Technology Indore,"Software Defined Radio, Frequency Selective Surface",7.0,https://scholar.google.com/citations?hl=en&user=IEuY_VQLnw4C
Sidhi G Ramer,Indian Institute of Technology Indore,"Semiconductor devices, optoelectronics, organic electronics, conjugated polymers, thin films",7.0,https://scholar.google.com/citations?hl=en&user=DVJ_vywAAAAJ
Kumar Sheshank Shekhar,IIT Indore,"Computer Vision, Robotics, UAV",6.0,https://scholar.google.com/citations?hl=en&user=DBH_f6MAAAAJ
Dipti Maurya,"Indian Institute of Technology, Indore","Computational Chemistry, Molecular electronics, DNA sequencing, Machine learning",6.0,https://scholar.google.com/citations?hl=en&user=Re3gltsAAAAJ
AKSHAT MISHRA,Indian Institute of Technology Indore,"Machine learning, Large Language Models, Deep Learning, Broad Learning System",6.0,https://scholar.google.com/citations?hl=en&user=xs_aO98AAAAJ
Harsh Vishwakarma,Research Project Coordinator at Indian Institute of Technology Indore,"Biotechnology, Butterfly Diversity, Butterfly Identification, Bird Diversity, Nesting Ecology",5.0,https://scholar.google.com/citations?hl=en&user=7ZuXK2QAAAAJ
Polisetti Sai Meghana,"Junior Research Fellow, Indian Institute of Technology Indore","Permeable pavements, Pavement Geotechnics, Geosynthetics, Ground Improvement Techniques",5.0,https://scholar.google.com/citations?hl=en&user=O19dR6EAAAAJ
Safwana Shirin KM,"Alumni, IIT Indore","Material Chemistry, Physical Chemistry",5.0,https://scholar.google.com/citations?hl=en&user=s7tWUkMAAAAJ
Neha Maheshwari,Indian Institute of Technology Indore,"Hardware Security, SRAM, Memory architectures",5.0,https://scholar.google.com/citations?hl=en&user=xJY6l14AAAAJ
Shiksha Singh,Indian Institute of Technology Indore,"Water, Microplastics, Water Quality Index",5.0,https://scholar.google.com/citations?hl=en&user=BlBJFCsAAAAJ
Abhradip Mallik,Indian Institute of Technology Indore,"Biomolecular condensates, LLPS, Fluorescence Imaging",4.0,https://scholar.google.com/citations?hl=en&user=yXBi1_8AAAAJ
Dyuti Chatterjee,"Indian Institute of Technology, Indore","Computational Chemistry, Molecular Electronics, Biomolecular Sequencing, Machine Learning",4.0,https://scholar.google.com/citations?hl=en&user=vMsb61cAAAAJ
Keshav Jha,IIT Indore,"machine learning, computer vision, deep learning, Health Care, climate",4.0,https://scholar.google.com/citations?hl=en&user=WlEq-eQAAAAJ
Deo Shankar,"Artificial intelligence Researcher, IIT Indore","Artificial intelligence, Machine Learning",3.0,https://scholar.google.com/citations?hl=en&user=gmF6bCwAAAAJ
SAGAR KESHRI,Indian Institute of Technology Indore,"Infection Biology, Immunology, Biomedical Genomics, Type III Interferons",3.0,https://scholar.google.com/citations?hl=en&user=EpD8FdEAAAAJ
K Kavitha,"Senior Research Fellow, Indian Institute of Technology Indore","Trans women literature, Digital Humanities, Queer Studies, Transgender studies, Gender Studies",3.0,https://scholar.google.com/citations?hl=en&user=fSRSLFgAAAAJ
Adi Pratap Singh,"Senior Research Fellow , Indian institute of technology Indore",Application of Surface Interface effects for …,3.0,https://scholar.google.com/citations?hl=en&user=1SjcUtoAAAAJ
Afrin Asmat,Indian Institute of Technology Indore,"Carbon Dot, Environmental remediation, MOF, Energy Harvesting, Energy Storage",3.0,https://scholar.google.com/citations?hl=en&user=_3WlTiMAAAAJ
Umar Aalam,IIT Indore,Computer Networks,2.0,https://scholar.google.com/citations?hl=en&user=LtRuFXkAAAAJ
Kumargaurav Ghela,Indian Institute of Technology Indore,"Money and Banking, Leadership Practices, Financial Management, Entrepreneurship, Ethics and Value Management.",2.0,https://scholar.google.com/citations?hl=en&user=RMpTOn4AAAAJ
Divyansh Pancholi,"IIT, Indore",nano energy,2.0,https://scholar.google.com/citations?hl=en&user=rNZu328AAAAJ
Sansuma Brahma,"Assistant Professor, School of Humanities & Social Sciences, IIT Indore","Language Documentation, Language & Linguistics",2.0,https://scholar.google.com/citations?hl=en&user=OUywKysAAAAJ
Tanisha Sahu,Indian Institute of Technology Indore,"Machine Learning, Deep Learning, Computer Vision",2.0,https://scholar.google.com/citations?hl=en&user=wZuDVPMAAAAJ
Aravind Ramagiri,IIT Indore,,2.0,https://scholar.google.com/citations?hl=en&user=gi0Sxl4AAAAJ
Monika Jain,"IIT Indore, Madhya Pradesh, India",Power Electronics and Electrical Machines & …,2.0,https://scholar.google.com/citations?hl=en&user=fkBMpTYAAAAJ
Madhu Trivedi,Indian Institute of Technology Indore,"laminated composite material, finite element method and shell structure",2.0,https://scholar.google.com/citations?hl=en&user=w2aWOE4AAAAJ
Haresh Jadav,"Computer Science Department, IIT Indore","Algebraic Graph Theory, Combinatorial Optimization",2.0,https://scholar.google.com/citations?hl=en&user=v2OYI5IAAAAJ
MATRU PRASAD MOHANTY,"Infection Bioengineering Lab, IIT Indore",,2.0,https://scholar.google.com/citations?hl=en&user=B49rqNcAAAAJ
Shivam Malviya,Indian Institute of Technology Indore,"Neuroscience, Biology, Science",2.0,https://scholar.google.com/citations?hl=en&user=AiCvgOkAAAAJ
Moksha Pathak,"Master's in Mathematics, Indian Institute of Technology Indore","Machine Learning, Deep Learning, Optimization, Neural Network, Broad Learning System",2.0,https://scholar.google.com/citations?hl=en&user=9kxy5zcAAAAJ
Sahil Kalra,Indian Institute of Technology Indore,"Harmonic analysis, Frames, Sampling theory, Uncertainty principle",2.0,https://scholar.google.com/citations?hl=en&user=EjdG4b4AAAAJ
Radhika Shrivas,IIT Indore,Main group chemistry,2.0,https://scholar.google.com/citations?hl=en&user=3jaCa0kAAAAJ
Priyanshu Pant,Indian Institute of Technology Indore,Theoretical Computer Science,2.0,https://scholar.google.com/citations?hl=en&user=7tXoOkMAAAAJ
Aditya Pandey,"Department of Electrical Engineering, IIT Indore, India",Converter interactions and stability analysis,2.0,https://scholar.google.com/citations?hl=en&user=Ogf7GEkAAAAJ
Mayank Ramnani,"Indian Institute of Technology, Indore","Network Softwarization, 5G, Optimization, Machine Learning",1.0,https://scholar.google.com/citations?hl=en&user=qoZ9m4oAAAAJ
Diksha Dhingra,"Indian Institute of technology, Indore",Harmonic analysis and Partial differential …,1.0,https://scholar.google.com/citations?hl=en&user=LIwA1cUAAAAJ
Anoop kumar suraj,Indian Institute of Technology Indore,Political Theory and History of Political …,1.0,https://scholar.google.com/citations?hl=en&user=Zn8MiZUAAAAJ
Sourabh Singh,"Indian Institute of Technology, Indore","Software Networking, Machine Learning, Programmable Data Plan",1.0,https://scholar.google.com/citations?hl=en&user=z-JkTUwAAAAJ
Eeshan Beohar,"DEPARTMENT OF ASTRONOMY, ASTROPHYSICS and SPACE ENGINEERING, IIT Indore","Observational Cosmology, 21cm Cosmology, Radio Astronomy",1.0,https://scholar.google.com/citations?hl=en&user=P08kp4cAAAAJ
Deepak Panwar,Indian Institute of Technology Indore,Applied Mathematics,1.0,https://scholar.google.com/citations?hl=en&user=z4cGXrAAAAAJ
Anurag Soni,"Indian Institute Of Technology, Indore","Theoretical Computer Science, Quantum Computing, Quantum Walk",1.0,https://scholar.google.com/citations?hl=en&user=V-3s4DIAAAAJ
Harsh Soni,"Bachelor of Technology in Electrical Engineering, Indian Institute of Technology Indore","Game Theory, Optimization",1.0,https://scholar.google.com/citations?hl=en&user=48-iUdIAAAAJ
Mayur Dhake,Indian Institute of Technology Indore,,1.0,https://scholar.google.com/citations?hl=en&user=vBzWxeIAAAAJ
Prasad Rajesh Posture,Indian Institute of Technology Indore,"Cosmology, Deep Learning",1.0,https://scholar.google.com/citations?hl=en&user=t4Ty7P4AAAAJ
Sanskriti Jain,"CSE Sophomore, IIT Indore","GenAI, DL, ML",1.0,https://scholar.google.com/citations?hl=en&user=t73VMXgAAAAJ
Sandip Roy,IIT Indore,"SPDE, LDP, Schrodinger Equation",1.0,https://scholar.google.com/citations?hl=en&user=cznw4Z8AAAAJ
Manju kumari,IIT Indore,"energy storage, photocatalysis, HER",1.0,https://scholar.google.com/citations?hl=en&user=H4-PF2oAAAAJ
Mohit Kumar,Indian Institute of Technology Indore,"Neuromorphic computing, In-memory computing, Memristor, VLSI design, Embedded Sytem",1.0,https://scholar.google.com/citations?hl=en&user=zlpDHykAAAAJ
Pramod Rathor,Indian Institute of Technology Indore,"Morphology, Typology of Language, Phonetics, Phonology, Language Documentation",1.0,https://scholar.google.com/citations?hl=en&user=PR6dKeAAAAAJ
Aditya Sharma,Indian Institute of Technology Indore,,1.0,https://scholar.google.com/citations?hl=en&user=3WTMb1sAAAAJ
Astha Tiwari,"Indian Institute of Technology Indore, India","Magnetism, X-ray Absorption Spectroscopy",1.0,https://scholar.google.com/citations?hl=en&user=_QiWRDYAAAAJ
Ramesh Kumar Mahtha,"Postdoctoral Research Associate, JPN National Centre, IIT Indore","Indian postcolnial studies, Indian English fiction, Identity and violence studies, Subaltern studies",1.0,https://scholar.google.com/citations?hl=en&user=EDhf_j8AAAAJ
Adarsha,"Indian Institute of Technology Indore, India","Agricultural Engineering, Precision Agriculture, Remote Sensing, Crop Modelling, Agricultural Water",,https://scholar.google.com/citations?hl=en&user=6DcVgKYAAAAJ
Barenya Kumar Dev,"Department of Astronomy, Astrophysics and Space Engineering, Indian Institute of …","Active Galactic Nuclei, Radio Galaxies, Radio Astronomy",,https://scholar.google.com/citations?hl=en&user=dtKQbCMAAAAJ
Manivendra Kumar,Indian Institute of Technology Indore,"Modern Indian Theatre, Indian Drama in English, Hindi Drama, Performance Studies, Liminality Studies",,https://scholar.google.com/citations?hl=en&user=Oa8QqO0AAAAJ
Jackson Rabha,"Research and Design Assistant, Indian Institute of Technology Indore","Graphic Design, 3D Visualizer, visual Communication",,https://scholar.google.com/citations?hl=en&user=h2BrcWUAAAAJ
Aman Kumar Jha,"DAASE, IIT Indore","Computational astrophysics, Compact objects, High Energy Astrophysics",,https://scholar.google.com/citations?hl=en&user=5p6_fMEAAAAJ
Kuldeep Pathak,Indian Institute of Technology Indore,"Bioinformatics, Deep Learning",,https://scholar.google.com/citations?hl=en&user=SjOMG50AAAAJ
Kishan Kr. Yadav,IIT  Indore,"Machine learning, Deep learning, Computer Vision",,https://scholar.google.com/citations?hl=en&user=2ol3KvEAAAAJ
Aakansha,"Library and Information Assistant, Indian Institute of Technology Indore",,,https://scholar.google.com/citations?hl=en&user=koOS-0sAAAAJ
Ghulam Hussain,IIT Indore,GlacioHydrological Modelling,,https://scholar.google.com/citations?hl=en&user=PWIAl4gAAAAJ
Nasmi S Anand,Indian Institute of Technology Indore,"Radio Astronomy, Galaxy Clusters, Astrophysics",,https://scholar.google.com/citations?hl=en&user=2IrM6eUAAAAJ
Ezhini Rasendiran R,Indian Institute of Technology Indore,AI,,https://scholar.google.com/citations?hl=en&user=BdNdtnEAAAAJ
Yash Raj,"MS(Research), Space Science and Engineering, Indian Institute of Technology, Indore","Precision Agriculture, UAV, Hyperspectral, Climate Studies, Large Language Model",,https://scholar.google.com/citations?hl=en&user=-sQDqzYAAAAJ
Chetan Shastri,Indian Institute of Technology Indore,Design and innovation,,https://scholar.google.com/citations?hl=en&user=8uofqAEAAAAJ
Tinto Thalonikkara Devassy,Indian Institute of Technology Indore,"Radical Philosophy, Philosophy of Violence and Hope, Depoliticization, Political theory",,https://scholar.google.com/citations?hl=en&user=MBuOLFsAAAAJ
Rituraj Patel,IIT Indore,Quanutm Networking,,https://scholar.google.com/citations?hl=en&user=7xP3Fe8AAAAJ
Ritu Sharma,https://orcid.org/0009-0001-9230-9675 (IIT Indore),"Digital Experience, Blind Users, Educational Technology",,https://scholar.google.com/citations?hl=en&user=gHWLK10AAAAJ
Devesh kumawat,Indian Institute of Technology Indore,"Deep Learning, Machine Learning, Artificial Intelligence, Digital Healthcare",,https://scholar.google.com/citations?hl=en&user=YU3YOlcAAAAJ
Amit Singh,IIT Indore,Nanotechnology,,https://scholar.google.com/citations?hl=en&user=YkNLXhkAAAAJ
Atul Verma,Indian Institute of Technology Indore,"Wireless Communication, VLC, RIS, DRL",,https://scholar.google.com/citations?hl=en&user=ajW3ir8AAAAJ
Tanmay Sharma,Indian Institute of Technology Indore,"Economics of Innovation, Patents, Intellectual Property, Technology Strategy",,https://scholar.google.com/citations?hl=en&user=RJiNdiYAAAAJ
Suman Palrecha,Indian Institute of Technology Indore,"Quantum Communication, Quantum Cryptography and Optical Networks",,https://scholar.google.com/citations?hl=en&user=OpbKcg0AAAAJ
Pranshu Singh,IIT Indore,"Wireless communication, Communication Systems",,https://scholar.google.com/citations?hl=en&user=k1d_ACwAAAAJ
Anoop KR,Indian Institute of Technology Indore,"3D printing, Agriculture, Compliant Mechanism",,https://scholar.google.com/citations?hl=en&user=uiyitTYAAAAJ
Pranjal Chaturvedi,Indian Institute of Technology Indore,Astronomy and Astrophysics,,https://scholar.google.com/citations?hl=en&user=HjL5ZkQAAAAJ
Atharva Mirashi,"Department of Astronomy, Astrophysics and Space Engineering, IIT Indore","Galactic & Extra-galactic astronomy, Dark Matter Distribution, Structure Formation, Baryon Physics",,https://scholar.google.com/citations?hl=en&user=CmK2dGAAAAAJ
Jatin Sharma,Indian Institute of Technology Indore,"Deep Learning, Spatio-Temporal Modeling",,https://scholar.google.com/citations?hl=en&user=FLem9vQAAAAJ
Aditya Sharma,IIT INDORE,"Optimization, Stochastic Approximation, Derivative-free algorithm",,https://scholar.google.com/citations?hl=en&user=g8aX3KkAAAAJ
Aparna S. Ayyanad,Indian Institute of Technology Indore,"Political Philosophy, Aesthetics",,https://scholar.google.com/citations?hl=en&user=2fas-VQAAAAJ
Rahul Naidu,Indian institute of technology Indore,"Additive Manufacturing, sustainability, ultrasonic additive manufacturing",,https://scholar.google.com/citations?hl=en&user=mRuT1xoAAAAJ
Rajesh Kumar,Indian Institute of Technology Indore,"Mobile Microscopy, Computer Vision, Deep Learning, Medical Image Processing",,https://scholar.google.com/citations?hl=en&user=PT7OgK0AAAAJ
Souradeep Hazra,IIT,"Satellite Attitude Control and Dynamics, Electric Propulsion, Rockets Dynamics and Control, Missiles",,https://scholar.google.com/citations?hl=en&user=-wL2wEYAAAAJ
Rushikesh Ashok Sonkusale,Indian Institute of Technology Indore,"Active Galactic Nuclei (AGN), Shock Physics, Neutron Stars, High-Energy Astrophysics",,https://scholar.google.com/citations?hl=en&user=egAeO9sAAAAJ
Mahesh Sasamal,M.Sc Chemistry at Indian Institute of Technology Indore,"Green Chemistry and Emerging Strategies in …, Electrochemical, and C–H Functionalization",,https://scholar.google.com/citations?hl=en&user=nrArXqoAAAAJ
shreeyut maheshwari,Indian Institute of Technology Indore,,,https://scholar.google.com/citations?hl=en&user=4Ew2ZK4AAAAJ
Krishnakant Sharma,IIT Indore,"Biomedical Signal Processing, BCI",,https://scholar.google.com/citations?hl=en&user=xmGZDTsAAAAJ
Abhiroop Gohar,"Undergraduate, Indian Institute of Technology Indore","Quantum Computing, High Energy Physics",,https://scholar.google.com/citations?hl=en&user=FhTqeZsAAAAJ
