Name,Affiliation,Interests,Cited By,Profile URL,h-index,i10-index,vector_id
Richa Singh,"Professor, IIT Jodhpur","Biometrics, Pattern Recognition, Machine Learning, Face Recognition, Deep Learning",17829,https://scholar.google.com/citations?hl=en&user=okqK5UAAAAAJ,75,285,interest_0
Mayank Vatsa,"Professor, IIT Jodhpur","biometrics, image processing, deep learning, machine learning, computer vision",17195,https://scholar.google.com/citations?hl=en&user=-DAxp-cAAAAJ,74,270,interest_1
Mahesh KUMAR,"Professor, Indian Institute of Technology Jodhpur","2D Materials, Sensors, Memristor, Semiconductor Devices",10538,https://scholar.google.com/citations?hl=en&user=JeH1UkAAAAAJ,50,166,interest_2
Ajay Agarwal,"Professor of Electrical Engineering, IIT Jodhpur","Micro Nano Technologies, Sensors, MEMS and Micro-Fluidics, Medical Technologies",8707,https://scholar.google.com/citations?hl=en&user=XUwFhB8AAAAJ,39,109,interest_3
Ambesh Dixit,"Professor, Department of Physics, Indian Institute of Technology Jodhpur","Functional Material- Nitride & Oxide …, Oxide multiferroics, Energy materials for",6790,https://scholar.google.com/citations?hl=en&user=sMI3z5wAAAAJ,43,162,interest_4
Indranil Banerjee,"Fellow of Royal Society of Chemistry, Associate Professor, Indian Institute of Technology …","Tissue engineering, Regenerative medicine, Biomaterials, Theranostic systems, Biomicrofluidics",5688,https://scholar.google.com/citations?hl=en&user=W1nMmL0AAAAJ,44,90,interest_5
Ankur Gupta,"Associate Professor, Indian Institute of Technology Jodhpur","Microsystems, Manufacturing, Nanotechnology, Sensor",4479,https://scholar.google.com/citations?hl=en&user=zlYdevcAAAAJ,38,123,interest_6
Amitava Banerjee,"Assistant Professor, Indian Institute of Technology Jodhpur","NRR-HER-Co2RR Catalysts, Energy Materials, Growth-Defect-DiffusionOxide, DFT, MD",4367,https://scholar.google.com/citations?hl=en&user=Fx2ZbyoAAAAJ,26,46,interest_7
Dr. Nishant Kumar,"Associate Professor, at Indian Institute of Technology Jodhpur, India","Digital Twin, Renewable Energy, Optimization, Solar Energy, Electrical Engineering",4298,https://scholar.google.com/citations?hl=en&user=wghivL8AAAAJ,41,66,interest_8
Raviraj Vankayala,"Associate Professor, Department of Bioscience and Bioengineering, IIT Jodhpur","Nanomedicine, Biophotonics, Photochemistry, Anticancer Nanotechnology",4261,https://scholar.google.com/citations?hl=en&user=JjP2aqgAAAAJ,29,49,interest_9
AbdulGafoor Shaik,Associate Professor IIT Jodhpur,Power System,4122,https://scholar.google.com/citations?hl=en&user=VlOmVR0AAAAJ,29,46,interest_10
Sandip Murarka,Associate Professor of Chemistry at IIT Jodhpur,"Organic Synthesis, Catalysis, Medicinal Chemistry",3908,https://scholar.google.com/citations?hl=en&user=qGp_yVoAAAAJ,33,51,interest_11
Sampat Raj Vadera,"Professor of Physics, Indian Institute of Technology Jodhpur","Solid State Physics, Materials Science, Nano materials, Ferrites, Stealth Materials",3811,https://scholar.google.com/citations?hl=en&user=SztzlHoAAAAJ,33,56,interest_12
Satyajit Sahu,"Professor, Department of Physics, Indian Institute of Technology Jodhpur","Physics, Molecular Electronics, Organic electronics, Quantum Dots, Thermoelectric Materials",3431,https://scholar.google.com/citations?hl=en&user=YQSCWSoAAAAJ,29,63,interest_13
Dibyendu K. Sasmal,"Associate Professor, Department of Chemistry, Indian Institute of Technology Jodhpur","Experimental Phy Chem, Fluorescence Spectroscopy, Single molecule Imaging, smFRET, FLIM/FCS",3361,https://scholar.google.com/citations?hl=en&user=l5F3JREAAAAJ,21,26,interest_14
Shree Prakash Tiwari,"Professor, Department of Electronics Engineering, Indian Institute of Technology Jodhpur","Organic and Flexible Electronics, Microelectronics",3192,https://scholar.google.com/citations?hl=en&user=-QSxYlgAAAAJ,34,71,interest_15
Deepak Fulwani,"Professor, Department  of Electrical Engineering, Indian Institute of Technology Jodhpur","Microgrids, Control of Power Converters, EVs., Control Theory",3082,https://scholar.google.com/citations?hl=en&user=oRR0udUAAAAJ,23,44,interest_16
Manish Narwaria,Associate Professor  IIT Jodhpur,"Multimedia signal processing, Statistical data analysis, Machine Learning",3055,https://scholar.google.com/citations?hl=en&user=Mp_-lEEAAAAJ,22,33,interest_17
Dr. Rahul Chhibber,"Professor at Indian Institute of Technology Rajasthan, Jodhpur","Manufacturing, Welding and Joining, Damage mechanics, Materials Processing",3018,https://scholar.google.com/citations?hl=en&user=kEo53oAAAAAJ,30,87,interest_18
Dr. Saurabh Nene,"Associate Professor, Indian Institute of Technology Jodhpur","High Temperature Alloys, Alloy Design, High Entropy Alloys, Additive Manufacturing",2895,https://scholar.google.com/citations?hl=en&user=GVAyebwAAAAJ,30,40,interest_19
Manoj Gupta,"Assistant Professor, Department of Electronics Engineering, IIT Jodhpur","THz communication, In-plane THz photonics, Metamaterials, Antenna Design, Ultrafast Devices",2872,https://scholar.google.com/citations?hl=en&user=58xx018AAAAJ,23,28,interest_20
Dr. M. Bala Murali Krishna,"Associate Professor,  Indian Institute of Technology Jodhpur","Graphene, Nonlinear Optics, Ultrafast Spectrosocpy, Terhertz spectroscopy and High harmonic",2635,https://scholar.google.com/citations?hl=en&user=qy5bs8QAAAAJ,19,25,interest_21
Naveen Kumar Tailor,"Assistant Professor, Indian Institute of Technology Jodhpur, India","Green Energy, Halide Perovskites, X-ray detectors, Carbon Capture, Fundamental Science",2417,https://scholar.google.com/citations?hl=en&user=NDEF15oAAAAJ,28,39,interest_22
Santosh Mogurampelly,"Associate Professor, Department of Physics, Indian Institute of Technology Jodhpur","Multiscale Modeling, Soft Matter Physics, Materials Science, Statistical Physics, Polymer Physics.",2071,https://scholar.google.com/citations?hl=en&user=UkqEItoAAAAJ,26,42,interest_23
Atul Kumar Sharma,"Assistant Professor, Department of Mechanical Engineering, IIT Jodhpur","Soft Active Materials, Nonlinear Solid Mechanics, Computational Mechanics, Wave Propagation",2018,https://scholar.google.com/citations?hl=en&user=FE7K1rAAAAAJ,29,47,interest_24
Harshit Agarwal,"Associate Professor, IIT Jodhpur","Machine Learning Augmented Compact …, Emerging Memories, Sub-2nm Devices, RF Circuits",2008,https://scholar.google.com/citations?hl=en&user=KwD4fX4AAAAJ,24,54,interest_25
Neha Jain,"Associate Professor, Department of Bioscience and Bioengineering, IIT Jodhpur","Amyloids, biofilms, neurodegenrative diseases",1916,https://scholar.google.com/citations?hl=en&user=UOH8knYAAAAJ,21,28,interest_26
Pradip Kumar Tewari,"JJM Professor Chair Department of Chemical Engineering, Indian Institute of Technology …","Chemical Engineering, Water, Energy, Environment, Green Hydrgen",1773,https://scholar.google.com/citations?hl=en&user=4-RBztcAAAAJ,24,48,interest_27
Krunal M Gangawane,"Assistant Professor, Department of Chemical Engineering, Indian Institute of Technology …","Thermal Lattice Boltzmann Method, CFD, Heat Transfer in enclosures",1706,https://scholar.google.com/citations?hl=en&user=7fWxeQEAAAAJ,25,43,interest_28
Meenu Chhabra,"Professor, IITJ",Environmental Biotechnology & …,1662,https://scholar.google.com/citations?hl=en&user=0OO1bSUAAAAJ,23,32,interest_29
Sumit Parvate,Assistant Professor at IIT Jodhpur,"Polymer Science, Colloids & Interfaces, Microfluidics, Radiative Cooling, Surface Coatings",1659,https://scholar.google.com/citations?hl=en&user=UafZK74AAAAJ,14,15,interest_30
Anil Kumar Tiwari,"Professor, Electrical Engineering, IIT Jodhpur",Image and video coding,1607,https://scholar.google.com/citations?hl=en&user=a3EQM3oAAAAJ,21,45,interest_31
Dr. Aashish Mathur,"Associate Professor, IIT Jodhpur","FSO, VLC, Physical Layer Security, 5G and Beyond",1573,https://scholar.google.com/citations?hl=en&user=AjE-ULUAAAAJ,20,38,interest_32
Monika Gupta,"Assistant Professor (Chemistry), Indian Institute of Technology Jodhpur","Liquid crystals, Functional organic materials, Supramolecular chemistry",1442,https://scholar.google.com/citations?hl=en&user=2kU_xqAAAAAJ,20,28,interest_33
Suraj Srivastava,"Assistant Professor, Indian Institute of Technology Jodhpur | IIT Kanpur",Wireless Communication and Signal …,1430,https://scholar.google.com/citations?hl=en&user=xgh3oagAAAAJ,22,40,interest_34
Kunwar Aditya,"Associate Professor, IIT Jodhpur","Wireless Power Transfer, Power Electronics, Electric Vehicles",1326,https://scholar.google.com/citations?hl=en&user=bTk_LCkAAAAJ,15,21,interest_35
soumava mukherjee,"Associate Professor, IIT Jodhpur",microwave antennas,1325,https://scholar.google.com/citations?hl=en&user=tF1naGQAAAAJ,16,30,interest_36
Anusha S. Basavaraj,"Assistant Professor, Department of Civil and Infrastructure Enginnering, IIT Jodhpur","Life cycle assessment, Sustainability, Waste Utilization in Construction, Alternative Construction",1325,https://scholar.google.com/citations?hl=en&user=75ymTscAAAAJ,11,11,interest_37
Kamaljit  Rangra,"Visiting Professor, Electrical Engineering, IIT Jodhpur, Former Chief Scientist  CSIR-CEERI …","RF MEMS, Intertial Sensors and analytical …",1275,https://scholar.google.com/citations?hl=en&user=-83qdHoAAAAJ,18,34,interest_38
Suresh Sarkar,"Assistant professor of chemistry, IIT Jodhpur","Nanomaterials, NIR-Quantum dots, Spectroscopy, Surface Chemistry, Shape control",1252,https://scholar.google.com/citations?hl=en&user=8yp5REYAAAAJ,23,27,interest_39
Yogeshwar Nath Mishra,"Assistant Professor, Indian Institute of Technology Jodhpur","Photonics, Laser Diagnostics, Energy Technology",1118,https://scholar.google.com/citations?hl=en&user=wvhys5YAAAAJ,20,27,interest_40
Hardik Kothadia,"Associate Professor, Indian Institute of Technology, Jodhpur","Fluid Dynamics, Heat Transfer, Multiphase Flow, Renewable Energy, Thermal Energy Storage",1090,https://scholar.google.com/citations?hl=en&user=ePg34qwAAAAJ,17,29,interest_41
Ayan Sadhukhan,IIT Jodhpur (Assistant Professor),plant molecular biology,1081,https://scholar.google.com/citations?hl=en&user=GLOX0tAAAAAJ,18,21,interest_42
Ravindra Brahmajosyula,"Professor, Indian Institute of Technology Jodhpur","Nonlinear Vibrations, Mechatronics, Solar energy",1081,https://scholar.google.com/citations?hl=en&user=tza6ENAAAAAJ,14,17,interest_43
Ravi Prakash Srivastava,"Assistant Professor, Department of Materials Engineering, IIT Jodhpur","Solar Cells, Na-Ion Battery, Coatings, Energy Materials, Characterization Techninques",1065,https://scholar.google.com/citations?hl=en&user=nwltoqwAAAAJ,15,21,interest_44
Harshal Akolekar,"Assistant Professor, IIT Jodhpur; PhD @ UniMelb","Computational Fluid Dynamics, Machine Learning, Turbomachinery",1052,https://scholar.google.com/citations?hl=en&user=lA77iG8AAAAJ,13,18,interest_45
Sudipta Bhattacharyya,"Associate Professor, Department of Bioscience and Bioengineering, IIT Jodhpur, India","Structural Biology, Enzyme Chemistry, Drug designing",959,https://scholar.google.com/citations?hl=en&user=olCBmnsAAAAJ,16,20,interest_46
Dr. Rohan D. Erande,"Assistant Professor, IIT Jodhpur",Synthetic Organic Chemistry,922,https://scholar.google.com/citations?hl=en&user=v7dM-yIAAAAJ,16,23,interest_47
Akshay Moudgil,"Assistant Professor, IIT Jodhpur | NTU Singapore | IIT Delhi","Nano/Microelectronics, Hybrid Sensors, Bioelectronics, Flexible & Printed Electronics",902,https://scholar.google.com/citations?hl=en&user=VY75cwEAAAAJ,16,23,interest_48
TUHINA MUKHERJEE,"Assistant Professor, Department of Mathematics,Indian Institute of Technology Jodhpur",Analysis of Partial Differential Equations,865,https://scholar.google.com/citations?hl=en&user=gntrfNsAAAAJ,18,23,interest_49
Kirankumar Rajshekhar Hiremath,Professor of Mathematics  (IIT Jodhpur),"Mathematical physics, applied mathematics, optics-photonics, scientific computations",831,https://scholar.google.com/citations?hl=en&user=4r5XfNwAAAAJ,13,19,interest_50
Gourhari Ghosh,"Assistant Professor, Department of Mechanical Engineering, IIT Jodhpur","Ultra-precision Finishing, Thermal Spray Coating, Laser Materials Processing, Tribology",824,https://scholar.google.com/citations?hl=en&user=wWObV78AAAAJ,15,18,interest_51
Ananya Debnath,Professor at Indian Institute of Technology Jodhpur,Computational Chemistry for Soft and Bio …,823,https://scholar.google.com/citations?hl=en&user=zk4XJHAAAAAJ,17,25,interest_52
Dr. Jai Narayan Tripathi,"Associate Professor, Indian Institute of Technology Jodhpur, India",VLSI Circuits and Systems,810,https://scholar.google.com/citations?hl=en&user=MOW-HycAAAAJ,16,27,interest_53
Amit Sharma,"Asst Professor, Dept of Civil & Infrastructure Engineering, Indian Institute of Technology …","Atmospheric modeling, Climate change, Trace gases, Particulate matter, Impact on crops and human health",806,https://scholar.google.com/citations?hl=en&user=Nf0x5DoAAAAJ,11,11,interest_54
"Vivek Wakchaure, PhD","Assistant Professor, Chemistry, Indian Institute of Technology, Jodhpur, India","Organic Functional Material, Solvent-free Organic Liquids, 2D-Polymers, Electrochromic material",795,https://scholar.google.com/citations?hl=en&user=T5BYb-YAAAAJ,11,12,interest_55
Debanjan Guha Roy,"Assistant Professor, Civil and Infrastructure Engineering, IIT Jodhpur","Rock mechanics, Engineering geology, Reservoir geomechanics, Energy Geomechanics",780,https://scholar.google.com/citations?hl=en&user=oXNSTIkAAAAJ,12,13,interest_56
Debasmita Dwibedi,"Assistant Professor, Indian Institute of Technology, Jodhpur","Energy storage, Materials Design, Crystallography",756,https://scholar.google.com/citations?hl=en&user=92LY_K4AAAAJ,13,16,interest_57
Abhay Gupta,"Assistant Professor, Materials Engineering, IIT Jodhpur","Green Hydrogen, Water Electrolysers, Corrosion Analysis, Electron Microscopy",715,https://scholar.google.com/citations?hl=en&user=c4K5LWEAAAAJ,17,23,interest_58
Nil Kamal Hazra,"Associate Professor, IIT Jodhpur, Rajasthan",Reliability Theory,691,https://scholar.google.com/citations?hl=en&user=mJlWcK0AAAAJ,15,25,interest_59
Amreen K Bains,"Assistant Professor, Indian Institute of Technology Jodhpur","Photoredox Catalysis, Inorganic physical chemistry, Spectroscopy, Electrochemistry",675,https://scholar.google.com/citations?hl=en&user=ochxKsYAAAAJ,12,12,interest_60
Mayank Gupta,Assistant Professor-IIT Jodhpur,"Supramolecular Chemistry, MOFS, Molecular Cages, Energy Conversion, Non-linear optics",666,https://scholar.google.com/citations?hl=en&user=pcV2rjEAAAAJ,15,19,interest_61
Vibhuti Joshi,"Associate Professor, Bennett University, IIT Jodhpur, National Cancer Institute-NIH","Neuro-Oncology, Neurodegeneration, Cancer, Natural Molecules",665,https://scholar.google.com/citations?hl=en&user=Gq6slf0AAAAJ,13,14,interest_62
Dr. Shyam Kumar Banjare,"Assistant Professor, Department of Chemistry, IIT Jodhpur","Transition Metal-catalysis, N-heterocyclic carbene catalysis, Radical reactions, Organic synthesis",663,https://scholar.google.com/citations?hl=en&user=WsaVjgYAAAAJ,17,21,interest_63
Amit Bhardwaj,"Associate Professor, Electrical Engineering, IIT Jodhpur, India","Computer Haptics, Human Haptics, … Reality and Applications of Machine Learning",646,https://scholar.google.com/citations?hl=en&user=INnySpQAAAAJ,9,9,interest_64
Pratik Mazumder,"Assistant Professor, Indian Institute of Technology, Jodhpur","Bias Mitigation, Few-shot / Zero-shot Learning, Continual Learning, Deep Learning, Computer Vision",642,https://scholar.google.com/citations?hl=en&user=WxLYb5QAAAAJ,11,12,interest_65
Vignesh Muralidharan,"Assistant Professor, Indian Institute of Technology Jodhpur","Computational Neuroscience, Cognitive Neuroscience, Inhibitory Control, Parkinson's Disease",616,https://scholar.google.com/citations?hl=en&user=9rViV7wAAAAJ,14,16,interest_66
Sk Md Hasan,"Assistant Professor, IIT Jodhpur, Metallurgical and Materials Engineering","Advanced Steel Design, Phase Transformations, Deformation Mechanisms, Wear & Tribology",531,https://scholar.google.com/citations?hl=en&user=Jt3m0rcAAAAJ,11,13,interest_67
Siddharth Srivastava,"Professor of Practice, IIT-Jodhpur","Molecular pathology of cancers, Cardiovascular biology, Molecular microbiology.",524,https://scholar.google.com/citations?hl=en&user=hd9YyFIAAAAJ,4,4,interest_68
Seema Saini,"Assistant Professor, Indian Institute of Technology Jodhpur","Macroeconomics, Firm Dynamics, Applied Econometrics, Environmental Economics",519,https://scholar.google.com/citations?hl=en&user=XBn9bfsAAAAJ,8,8,interest_69
Lalit Kaushik,"Assistant Professor, Indian Institute of Technology Jodhpur, Rajasthan, India","Crystal plasticity simulations, Monte-Carlo simulations, Phase field modeling, Machine learning",505,https://scholar.google.com/citations?hl=en&user=mINShGIAAAAJ,13,15,interest_70
Prodyut R Chakraborty,"Professor, IIT Jodhpur","Heat and mass transfer, CFD, Solidification, Electronic cooling, Multiphase flow",493,https://scholar.google.com/citations?hl=en&user=x9eiAlIAAAAJ,13,15,interest_71
Dr. Pradeep Kumar Dammala,"Assistant Professor, IIT Jodhpur","Soil Dynamics, Pile Foundations, Experimental Geotechnics, Numerical Modelling in Geotechnics",491,https://scholar.google.com/citations?hl=en&user=1yF4Gn4AAAAJ,9,9,interest_72
Rajyalakshmi Garaga,"Assistant Professor, IIT Jodhpur","Climate Change, Air Pollution, Public Health, Sustainable Development",491,https://scholar.google.com/citations?hl=en&user=O61ywgwAAAAJ,8,8,interest_73
Arun Kumar R,"Associate Professor, Department of Mechanical Engineering, IIT Jodhpur, India","Compressible flows, Shock wave dynamics, Ejector Flows, Supersonic Mixing Enhancement, Fluidic",486,https://scholar.google.com/citations?hl=en&user=gix6e-sAAAAJ,13,18,interest_74
Prashant Kumar Gupta,"Assistant Professor. Department of Chemical Engineering, Indian Institute of Technology …","Energy storage devices, Nanomaterials, Electrocatalysis",480,https://scholar.google.com/citations?hl=en&user=CYo7R_0AAAAJ,13,14,interest_75
Milan Kumar Hazra,"Assistant Professor, Indian Institute of Technology Jodhpur","Statistical Mechanics, Aqueous Binary mixtures, Solvation Dynamics, Liquid-liquid Phase Separation",473,https://scholar.google.com/citations?hl=en&user=V7EW5VEAAAAJ,11,11,interest_76
Prabhat K. Jaiswal,"Associate Professor, Department of Physics, Indian Institute of Technology Jodhpur","Statistical Physics, Amorphous Solids, Phase Separation, Wetting, Thin Film",460,https://scholar.google.com/citations?hl=en&user=tWkYvGQAAAAJ,11,15,interest_77
Samanwita Pal,"Professor, Department of Chemistry, IIT Jodhpur",Solution and solid state Magnetic Resonance …,447,https://scholar.google.com/citations?hl=en&user=qeBtFfwAAAAJ,11,12,interest_78
Pradyumna Kumar Bishoyi,"Assistant Professor, Indian Institute of Technology Jodhpur","Communication Networking, 6G, Wi-Fi, Radio localization and sensing, Network economics",420,https://scholar.google.com/citations?hl=en&user=NKEjCocAAAAJ,10,11,interest_79
S. Srivatsa Srinivas,"Assistant Professor, Department of Economics, IIT Jodhpur","Applied Game Theory, Applied Operations Research, Policy Analytics, Service Operations",417,https://scholar.google.com/citations?hl=en&user=2m2ZFG0AAAAJ,7,7,interest_80
Shrutidhara Sarma,"Associate Professor, IIT Jodhpur; Past: IIT Guwahati & Aristotle Uni. of Thessaloniki, Greece","nanocomposites, flexible sensors, resistive temperature detectors, fabrication",408,https://scholar.google.com/citations?hl=en&user=swz0Aq0AAAAJ,10,11,interest_81
Tanmay Inamdar,"Assistant Professor, Department of CSE, IIT Jodhpur","Approximation Algorithms, Paramaterized Complexity, Computational Geometry, Distributed Algorithms",401,https://scholar.google.com/citations?hl=en&user=hnelxH0AAAAJ,11,14,interest_82
Bhushan Praveen Jangam,"Assistant Professor, Indian Institute of Technology Jodhpur","International trade, Global value chains, Macroeconomic interactions",396,https://scholar.google.com/citations?hl=en&user=Y8bakkMAAAAJ,11,11,interest_83
Dr. Sukhendu Ghosh,"Associate Professor, IIT Jodhpur, Rajasthan, India","Hydrodynamics, Numerical and mathematical methods, Dynamical systems, Lie group application",391,https://scholar.google.com/citations?hl=en&user=VVMU-DMAAAAJ,12,14,interest_84
"Dr. Srijit Biswas, PhD","Assistant Professor, IIT Jodhpur","LCA, TEA, ICE Calibration & Testing, Statistical Modelling Specialist | Worked on …, Biofuels etc.",388,https://scholar.google.com/citations?hl=en&user=j_Gi_7UAAAAJ,11,15,interest_85
Nitin Kumar Sharma,"Assistant Professor, Indian Institute of Technology Jodhpur, India","Physical Metallurgy, Phase Transformations, Electron Microscopy, Atom Probe Tomography",376,https://scholar.google.com/citations?hl=en&user=h_ktA2QAAAAJ,12,14,interest_86
Swati Jindal,"Assistant Professor (Chemistry), Indian Institute of technology Jodhpur","Synthetic Materials Chemistry, Porous Materials, Covalent Organic Frameworks, Energy Storage",375,https://scholar.google.com/citations?hl=en&user=e3ZI4n4AAAAJ,10,10,interest_87
Praveenkumar Sappidi,Assistant Professor at Indian Institute of Technology Jodhpur,"Computational Polymer Science, Molecular Simulations, Free-energy Simulations, Ionic Solvents",369,https://scholar.google.com/citations?hl=en&user=SydQgD4AAAAJ,13,17,interest_88
Mayank Suman,"Assistant Professor, Department of Civil and Infrastructure Engineering, IIT Jodhpur, India","Hydrology, Climate Change",339,https://scholar.google.com/citations?hl=en&user=b9wK8QUAAAAJ,9,9,interest_89
Ravi Yadav,Assistant Professor IIT Jodhpur,"Power System, Smart Grid, WAMS",331,https://scholar.google.com/citations?hl=en&user=Df3ItmYAAAAJ,7,5,interest_90
Deeksha varshney,"Assistant Professor, SAIDE, IIT Jodhpur","Natural Language processing, Langauge Models, Interpretability",323,https://scholar.google.com/citations?hl=en&user=a6T1uIUAAAAJ,10,11,interest_91
P Ravi Prakash,"Assistant Professor, Indian Institute of Technology Jodhpur","Structural Fire Engineering, Computational Mechanics, Discrete element method, BIM",318,https://scholar.google.com/citations?hl=en&user=QJFhrOoAAAAJ,10,10,interest_92
Dr. Aali Pant,"Assistant Professor, IIT Jodhpur, India","Geotechnical Engineering, Geosynthetics, Soil reinforcement, Machine Learning",314,https://scholar.google.com/citations?hl=en&user=e9LmuGcAAAAJ,9,8,interest_93
Vinod Vijay Kumar,Assistant Professor at Indian Institute of Technology Jodhpur,"Sustainability, life cycle assessment, energy policy",304,https://scholar.google.com/citations?hl=en&user=M_EQuY0AAAAJ,5,4,interest_94
Jayant Kumar Mohanta,"Assistant Professor, Department of Mechanical Engineering, IIT Jodhpur",Robotics,302,https://scholar.google.com/citations?hl=en&user=OjGY-RQAAAAJ,7,5,interest_95
Ranju Mohan,"Associate Professor, IIT Jodhpur","Traffic flow theory, modelling, and simulation, Connected and autonomous vehicles, Dynamic Traffic",299,https://scholar.google.com/citations?hl=en&user=Kd81YGQAAAAJ,8,8,interest_96
Shipra Bajpai,"Assistant Professor, IIT Jodhpur || Postdoc@ANL|| IIT Kanpur","MAX Phase, Composites, Spark Plasma Sintering, Joining of Ceramics, Tribology",291,https://scholar.google.com/citations?hl=en&user=jpkRynUAAAAJ,11,11,interest_97
Dr. Chandana N,"Assistant Professor, DESE, Indian Institute of Technology Jodhpur","Water and Sanitation, Sustainability and Civil Engineering",289,https://scholar.google.com/citations?hl=en&user=I64Y2xMAAAAJ,7,7,interest_98
Rajendra Nagar,"Assistant Professor, Electrical Engineering, IIT Jodhpur","3D Shape Analysis, Digital Geometry Processing",251,https://scholar.google.com/citations?hl=en&user=ulkQ9nsAAAAJ,8,8,interest_99
NS Srivatsa,"Assistant Professor, Department of Physics, IIT Jodhpur",Quantum many-body physics,243,https://scholar.google.com/citations?hl=en&user=GB2_7i0AAAAJ,10,11,interest_100
Shuvajit Mukherjee,"Assistant Professor, Indian Institute of Technology Jodhpur","Metamaterials, Wave propagation, Composite structures, Spectral finite element method",224,https://scholar.google.com/citations?hl=en&user=GhP4W5EAAAAJ,9,9,interest_101
Niladri Sekhar Tripathy,"Assistant Professor, IIT Jodhpur","Dynamics and Control, Mechatronics, Cyber-physical Systems",222,https://scholar.google.com/citations?hl=en&user=8fLoHr4AAAAJ,7,7,interest_102
Sanhita Das,"Assistant Professor (Grade II), IIT Jodhpur","Computational Mechanics, Smart Materials",205,https://scholar.google.com/citations?hl=en&user=16JMtqsAAAAJ,6,4,interest_103
Dr Manoj Kumar Jena,"Assistant Professor Department of Chemical Engineering, Indian Institute of Technology …","Clean Technologies, Thermal Conversion Processes, Bioenergy and Biofuels, Waste Valorization",196,https://scholar.google.com/citations?hl=en&user=dwAnfQsAAAAJ,8,7,interest_104
Kiran Meena,"Assistant Professor at Indian Institute of Technology Jodhpur, Rajasthan, India",Riemannian Geometry,194,https://scholar.google.com/citations?hl=en&user=jY_MDzAAAAAJ,10,10,interest_105
Souryabrata Mohapatra,"Assistant Professor, IIT Jodhpur","Applied Economics, Climate Change, Agricultural Transformation, Green Transition, Just Migration",185,https://scholar.google.com/citations?hl=en&user=TKbYqt0AAAAJ,9,9,interest_106
Santhosh Kumar Varanasi,"Assistant Professor, IIT Jodhpur","System Identification, Sparse Optimization, Machine Learning",184,https://scholar.google.com/citations?hl=en&user=9WcaI_MAAAAJ,9,9,interest_107
Gopakumar KU,"Assistant Professor, Department of Economics, Indian Institute of Technology, Jodhpur","Macroeconomic Theory and Policy, Structural Equation Modelling, Applied Econometrics",181,https://scholar.google.com/citations?hl=en&user=DEw-BYMAAAAJ,7,7,interest_108
Sidharth Sharma,"Assistant Professor, CSE, IIT Jodhpur","Computer Networks, Networking, Internet",173,https://scholar.google.com/citations?hl=en&user=c0R1WokAAAAJ,7,5,interest_109
Ankita Sharma,"Professor of Psychology, Indian Institute of Technology Jodhpur","Wisdom, Decision Making, Positive Psychology, Gerontology",165,https://scholar.google.com/citations?hl=en&user=CMtrx5IAAAAJ,6,4,interest_110
Dr. Pranjal Protim Borah,"Assistant Professor, IIT Jodhpur","Human-computer Interaction, Inclusive Design, Extended Reality, Haptics, Machine Learning",162,https://scholar.google.com/citations?hl=en&user=M8TjisgAAAAJ,7,6,interest_111
Saurav Kumar,"Assistant Professor, Indian Institute of Technology, Jodhpur","Wearable Robots, Control Theory, Legged Robots, Extremum seeking control",161,https://scholar.google.com/citations?hl=en&user=i-DtMzcAAAAJ,6,4,interest_112
Dr. Angan Sengupta,"Associate Professor Indian Institute of Technology, Jodhpur","Multiscale Modelling, Molecular Simulations, Thermodynamics, Transport Phenomena, Porous Media",154,https://scholar.google.com/citations?hl=en&user=YF0rvlwAAAAJ,7,5,interest_113
NIPUN ARORA,"Assistant Professor, IIT Jodhpur","Flapping wing aerodynamics, Fluid-structure interaction, CFD with Lattice Boltzmann method",151,https://scholar.google.com/citations?hl=en&user=DVEzcNsAAAAJ,5,4,interest_114
Dr. Anurag Sharma,"Assistant Professor, Indian Institute of Technology Jodhpur","Thermoplastic Composites, Fatigue & Impact, Composites Manufacturing, Multifunctional Composites",150,https://scholar.google.com/citations?hl=en&user=kwGWdg8AAAAJ,5,5,interest_115
Sheriya Sareen,"Assistant Professor, School of Liberal Arts, IIT Jodhpur","Higher Education Policies, Critical Digital Studies, AI and STEM",150,https://scholar.google.com/citations?hl=en&user=H7zNPQQAAAAJ,5,3,interest_116
"Bhaskar Kumar Kakati, PhD (TISS)","Assistant Professor, Indian Institute of Technology, Jodhpur","Rural Development, Appropriate Technology, Sustainability, Local Governance",148,https://scholar.google.com/citations?hl=en&user=09VbIiEAAAAJ,7,5,interest_117
Amit Kumar Rathi,"Assistant Professor, Civil & Infrastructure Engineering, RCRICE, IIT Jodhpur","Reliability Analysis, Surrogate Modelling, Structural Health Monitoring, Energy Infrastructure",134,https://scholar.google.com/citations?hl=en&user=aBvc2cwAAAAJ,5,3,interest_118
Dr. Sagar Kumar Verma,"Assistant Professor, IIT Jodhpur, JSPS Awardee, Postdoc at Oregon State University …","Nanophotonics, Plasmonics, Metamaterials & Metasurfaces, Laser Sintering, Ultrafast Spectroscopy",128,https://scholar.google.com/citations?hl=en&user=kd5dQ6MAAAAJ,7,5,interest_119
Tara Chand Kumawat,"Assistant Professor, Chemical Engineering, IIT Jodhpur","Thin film stability, Transport Phenomena, CFD",125,https://scholar.google.com/citations?hl=en&user=Z1QdNQsAAAAJ,6,5,interest_120
Dr Priyabrata Rautray,"Assistant Professor (II), School of Design, IIT Jodhpur","Sustainable architecture, frugal design, product design",115,https://scholar.google.com/citations?hl=en&user=ie58T-wAAAAJ,6,5,interest_121
George Kodimattam Joseph,"Associate Professor, IIT Jodhpur","Applied Ethics, Normative Ethics, Sustainability, Indian Philosophy, Social Justice",114,https://scholar.google.com/citations?hl=en&user=e99qNs0AAAAJ,3,2,interest_122
PRADIP SASMAL,Assistant Professor at IIT Jodhpur,Finite Frame Theory and Its Application to …,112,https://scholar.google.com/citations?hl=en&user=ekWV9VMAAAAJ,6,1,interest_123
Pankaj Chavan,"Assistant Professor, IIT Jodhpur","Learning Analytics, Technology Enhanced Learning, Teacher Education",100,https://scholar.google.com/citations?hl=en&user=MDNMoYUAAAAJ,7,5,interest_124
"Hardik Jain, Ph.D.","Assistant Professor at Department of CSE, IIT Jodhpur","3D Computer Vision, edge AI, Machine Learning, VR/AR",99,https://scholar.google.com/citations?hl=en&user=LqwogOwAAAAJ,5,4,interest_125
Susmita panda,"Assistant Professor, IIT Jodhpur","Railway Geotechnics, Bridge engineering, Moving load analysis, Machine Learning, Optimization",94,https://scholar.google.com/citations?hl=en&user=bVu0NDgAAAAJ,7,5,interest_126
Roshan Kumar Hota,"Assistant Professor ,Indian Institute of Technology Jodhpur","Robotics, Mechanisms, Underactuated hands, Grasping, Manipulation",90,https://scholar.google.com/citations?hl=en&user=b-VTTtsAAAAJ,6,4,interest_127
Vikramsingh Thakur,"Professor, Indian Institute of Technology Jodhpur","Polymer Nanocomposites, Packaging, Functional",89,https://scholar.google.com/citations?hl=en&user=mOLoMUcAAAAJ,6,4,interest_128
Dr. Palash Das,"Assistant Professor, Indian Institute of Technology Jodhpur","AI/ML Accelerator, Computer Architecture, Hardware Design, Testing and Synthesis of Reversible Circuits, Quantum Computing",81,https://scholar.google.com/citations?hl=en&user=PHUDoo4AAAAJ,5,3,interest_129
Radhika Amashi,"Assistant Professorin Computer Science Dept,  Research Scholar, IIT Jodhpur","Educational Technology, Personalized Learning",71,https://scholar.google.com/citations?hl=en&user=dz9ZEYkAAAAJ,5,2,interest_130
Gaurav Vaidya,"Assistant Professor, Indian Institute of Technology Jodhpur","Design Research, Design Education, Product Design, Emotional Design",55,https://scholar.google.com/citations?hl=en&user=bqj59X8AAAAJ,4,1,interest_131
Gurujegan Murugesan,"Assistant Professor of Linguistics, IIT Jodhpur","Syntax, theoretical linguistics, Tribal languages of India",49,https://scholar.google.com/citations?hl=en&user=Uh9_dHIAAAAJ,3,2,interest_132
Ambuj Kumar Gautam,"Assistant Professor in the Department Mechanical Engineering, IIT Jodhpur","NDE, SHM, EMAT, Ultrasonic, Robotic & Automation",44,https://scholar.google.com/citations?hl=en&user=PKUtILIAAAAJ,3,2,interest_133
Kuntal Som,"Assistant Professor in the Department of Mathematics, IIT Jodhpur","Mathematical Analysis, Mathematical Optimization, Nonlinear analysis, Uncertainty quantification",43,https://scholar.google.com/citations?hl=en&user=OK-uANoAAAAJ,4,2,interest_134
Jitesh Mohnot,"Assistant Professor, School of Management and Entrepreneurship, IIT Jodhpur","Strategy-as-Practice, Entrepreneurship-as-Practice, Business Communities, Value Chain, Ethnic Entp",43,https://scholar.google.com/citations?hl=en&user=qupThsQAAAAJ,4,1,interest_135
Falak Vats,"Assistant Professor, IIT Jodhpur","Earthquake Engineering, Structural Dynamics, Seismic Design, GMPE",37,https://scholar.google.com/citations?hl=en&user=FtasokYAAAAJ,3,0,interest_136
Pranjali Bafila,"Assistant professor of EE, NPSEI(UTU) ;Research Scholar IIT Jodhpur","Power quality improvement, Smart Grid",34,https://scholar.google.com/citations?hl=en&user=GrDPQDwAAAAJ,2,1,interest_137
Bhavna Bajpai,"Assistant Professor at IIIT Kota, PhD, Indian Institute of Technology Jodhpur","Explainable & Generalization AI, Brain-Computer Interface, Mental Health, Pattern Recognition",31,https://scholar.google.com/citations?hl=en&user=LRN2bGQAAAAJ,4,1,interest_138
SHIV KUMAR VERMA,"Assistant Professor, School of Design, IIT Jodhpur","Design Research, Design Methods, Design Science, Form Studies",23,https://scholar.google.com/citations?hl=en&user=izrf7jEAAAAJ,3,1,interest_139
Brahadeesh Sankarnarayanan,"Assistant Professor (Grade II), Indian Institute of Technology Jodhpur","combinatorics, graph theory, probabilistic methods, graph colorings, extremal problems",23,https://scholar.google.com/citations?hl=en&user=EkZ13RYAAAAJ,3,0,interest_140
Rachel Philip,"Assistant Professor, School of Liberal Arts, IIT Jodhpur, Rajastan, India","Sociology of Education, Sociology of Science, Sociology of Knowledge",13,https://scholar.google.com/citations?hl=en&user=S2lsB-MAAAAJ,2,0,interest_141
Natasa Thoudam,"Assistant Professor, Indian Institute of Technology Jodhpur",India's Northeast focus on Manipur,13,https://scholar.google.com/citations?hl=en&user=LYBWYjYAAAAJ,2,0,interest_142
Manu Kanchan,"Assistant Professor, IIT Jodhpur","Marketing/Branding, Consumer Rights, Intellectual Property",12,https://scholar.google.com/citations?hl=en&user=sjUw7UMAAAAJ,2,0,interest_143
Sahil Gehlawat,"Assistant Professor, Department of Mathematics, Indian Institute of Technology Jodhpur",Several complex variables,10,https://scholar.google.com/citations?hl=en&user=fuYVCYsAAAAJ,2,0,interest_144
Soni,"Assistant professor, IIT Jodhpur","Childhood, Gender, Education, labour, and transnational history",8,https://scholar.google.com/citations?hl=en&user=akmXjCwAAAAJ,1,0,interest_145
Tonisha Guin,"Assistant Professor, IIT Jodhpur","Cultural Studies, Indian Modernity, Gender, Popular Culture, Media Studies",5,https://scholar.google.com/citations?hl=en&user=sCLmBGAAAAAJ,1,0,interest_146
Manjeet Gajbhiye,"Assistant Professor, Suryodaya College of Engineering & Technology & PhD Scholar, IIT …","Heat Transfer, Solar Desalination, Solar Energy",3,https://scholar.google.com/citations?hl=en&user=Q7gWtvEAAAAJ,1,0,interest_147
kedar dicholkar,"Assistant Professor, Indian Institute of Technology Jodhpur","Interaction design, User experience design, visual culture and narrative systems",0,https://scholar.google.com/citations?hl=en&user=01jUrgMAAAAJ,0,0,interest_148
Dr. Dinesh Mohan Joshi,"Assistant Professor, Indian Institute of Technology Jodhpur","History of Mathematics, Astronomy, Manuscriptology",0,https://scholar.google.com/citations?hl=en&user=k4Ys24QAAAAJ,0,0,interest_149
